[
  {
    "model": "admin.logentry",
    "pk": 1,
    "fields": {
      "action_time": "2023-12-12T11:53:33.970Z",
      "user": 1,
      "content_type": 9,
      "object_id": "2",
      "object_repr": "god - Курица тушка",
      "action_flag": 3,
      "change_message": ""
    }
  },
  {
    "model": "admin.logentry",
    "pk": 2,
    "fields": {
      "action_time": "2023-12-12T11:53:38.164Z",
      "user": 1,
      "content_type": 9,
      "object_id": "1",
      "object_repr": "god - Молоко",
      "action_flag": 3,
      "change_message": ""
    }
  },
  {
    "model": "admin.logentry",
    "pk": 3,
    "fields": {
      "action_time": "2023-12-12T12:24:56.985Z",
      "user": 1,
      "content_type": 10,
      "object_id": "4",
      "object_repr": "Фрукты и овощи",
      "action_flag": 1,
      "change_message": "[{\"added\": {}}]"
    }
  },
  {
    "model": "admin.logentry",
    "pk": 4,
    "fields": {
      "action_time": "2023-12-12T12:25:11.263Z",
      "user": 1,
      "content_type": 10,
      "object_id": "2",
      "object_repr": "Мясо, птица, колбаса",
      "action_flag": 2,
      "change_message": "[{\"changed\": {\"fields\": [\"Name\"]}}]"
    }
  },
  {
    "model": "admin.logentry",
    "pk": 5,
    "fields": {
      "action_time": "2023-12-12T12:25:45.759Z",
      "user": 1,
      "content_type": 10,
      "object_id": "5",
      "object_repr": "Безалкогольные напитки",
      "action_flag": 1,
      "change_message": "[{\"added\": {}}]"
    }
  },
  {
    "model": "admin.logentry",
    "pk": 6,
    "fields": {
      "action_time": "2023-12-12T12:25:55.064Z",
      "user": 1,
      "content_type": 10,
      "object_id": "3",
      "object_repr": "Чай, кофе, какао",
      "action_flag": 2,
      "change_message": "[{\"changed\": {\"fields\": [\"Name\"]}}]"
    }
  },
  {
    "model": "admin.logentry",
    "pk": 7,
    "fields": {
      "action_time": "2023-12-12T12:26:02.200Z",
      "user": 1,
      "content_type": 10,
      "object_id": "6",
      "object_repr": "Кондитерские изделия",
      "action_flag": 1,
      "change_message": "[{\"added\": {}}]"
    }
  },
  {
    "model": "admin.logentry",
    "pk": 8,
    "fields": {
      "action_time": "2023-12-12T12:26:43.779Z",
      "user": 1,
      "content_type": 13,
      "object_id": "4",
      "object_repr": "Магнит",
      "action_flag": 1,
      "change_message": "[{\"added\": {}}]"
    }
  },
  {
    "model": "admin.logentry",
    "pk": 9,
    "fields": {
      "action_time": "2023-12-12T12:27:24.218Z",
      "user": 1,
      "content_type": 10,
      "object_id": "4",
      "object_repr": "Фрукты",
      "action_flag": 2,
      "change_message": "[{\"changed\": {\"fields\": [\"Name\"]}}]"
    }
  },
  {
    "model": "admin.logentry",
    "pk": 10,
    "fields": {
      "action_time": "2023-12-12T12:27:29.310Z",
      "user": 1,
      "content_type": 10,
      "object_id": "7",
      "object_repr": "Овощи",
      "action_flag": 1,
      "change_message": "[{\"added\": {}}]"
    }
  },
  {
    "model": "admin.logentry",
    "pk": 11,
    "fields": {
      "action_time": "2023-12-12T12:27:33.934Z",
      "user": 1,
      "content_type": 10,
      "object_id": "8",
      "object_repr": "Другое",
      "action_flag": 1,
      "change_message": "[{\"added\": {}}]"
    }
  },
  {
    "model": "admin.logentry",
    "pk": 12,
    "fields": {
      "action_time": "2023-12-12T12:27:57.499Z",
      "user": 1,
      "content_type": 12,
      "object_id": "4",
      "object_repr": "Морковь",
      "action_flag": 1,
      "change_message": "[{\"added\": {}}]"
    }
  },
  {
    "model": "admin.logentry",
    "pk": 13,
    "fields": {
      "action_time": "2023-12-12T12:28:05.738Z",
      "user": 1,
      "content_type": 12,
      "object_id": "5",
      "object_repr": "Картофель",
      "action_flag": 1,
      "change_message": "[{\"added\": {}}]"
    }
  },
  {
    "model": "admin.logentry",
    "pk": 14,
    "fields": {
      "action_time": "2023-12-12T12:28:17.934Z",
      "user": 1,
      "content_type": 12,
      "object_id": "6",
      "object_repr": "Огурцы",
      "action_flag": 1,
      "change_message": "[{\"added\": {}}]"
    }
  },
  {
    "model": "admin.logentry",
    "pk": 15,
    "fields": {
      "action_time": "2023-12-12T12:28:30.234Z",
      "user": 1,
      "content_type": 12,
      "object_id": "7",
      "object_repr": "Томаты",
      "action_flag": 1,
      "change_message": "[{\"added\": {}}]"
    }
  },
  {
    "model": "admin.logentry",
    "pk": 16,
    "fields": {
      "action_time": "2023-12-12T12:28:45.360Z",
      "user": 1,
      "content_type": 12,
      "object_id": "8",
      "object_repr": "Лук",
      "action_flag": 1,
      "change_message": "[{\"added\": {}}]"
    }
  },
  {
    "model": "admin.logentry",
    "pk": 17,
    "fields": {
      "action_time": "2023-12-12T12:28:59.771Z",
      "user": 1,
      "content_type": 12,
      "object_id": "9",
      "object_repr": "Бананы",
      "action_flag": 1,
      "change_message": "[{\"added\": {}}]"
    }
  },
  {
    "model": "admin.logentry",
    "pk": 18,
    "fields": {
      "action_time": "2023-12-12T12:29:12.339Z",
      "user": 1,
      "content_type": 12,
      "object_id": "10",
      "object_repr": "Мандарины",
      "action_flag": 1,
      "change_message": "[{\"added\": {}}]"
    }
  },
  {
    "model": "admin.logentry",
    "pk": 19,
    "fields": {
      "action_time": "2023-12-12T12:29:25.805Z",
      "user": 1,
      "content_type": 12,
      "object_id": "11",
      "object_repr": "Яблоки",
      "action_flag": 1,
      "change_message": "[{\"added\": {}}]"
    }
  },
  {
    "model": "admin.logentry",
    "pk": 20,
    "fields": {
      "action_time": "2023-12-12T12:29:47.944Z",
      "user": 1,
      "content_type": 12,
      "object_id": "12",
      "object_repr": "Нектарины",
      "action_flag": 1,
      "change_message": "[{\"added\": {}}]"
    }
  },
  {
    "model": "admin.logentry",
    "pk": 21,
    "fields": {
      "action_time": "2023-12-12T12:29:55.007Z",
      "user": 1,
      "content_type": 12,
      "object_id": "13",
      "object_repr": "Ананас",
      "action_flag": 1,
      "change_message": "[{\"added\": {}}]"
    }
  },
  {
    "model": "admin.logentry",
    "pk": 22,
    "fields": {
      "action_time": "2023-12-12T12:30:58.955Z",
      "user": 1,
      "content_type": 12,
      "object_id": "14",
      "object_repr": "Шоколад молочный AlpenGold",
      "action_flag": 1,
      "change_message": "[{\"added\": {}}]"
    }
  },
  {
    "model": "admin.logentry",
    "pk": 23,
    "fields": {
      "action_time": "2023-12-12T12:31:07.937Z",
      "user": 1,
      "content_type": 12,
      "object_id": "15",
      "object_repr": "Зефир",
      "action_flag": 1,
      "change_message": "[{\"added\": {}}]"
    }
  },
  {
    "model": "admin.logentry",
    "pk": 24,
    "fields": {
      "action_time": "2023-12-12T12:31:25.734Z",
      "user": 1,
      "content_type": 12,
      "object_id": "16",
      "object_repr": "Печенье Любятово",
      "action_flag": 1,
      "change_message": "[{\"added\": {}}]"
    }
  },
  {
    "model": "admin.logentry",
    "pk": 25,
    "fields": {
      "action_time": "2023-12-12T12:31:40.390Z",
      "user": 1,
      "content_type": 12,
      "object_id": "17",
      "object_repr": "Печенье Курабье",
      "action_flag": 1,
      "change_message": "[{\"added\": {}}]"
    }
  },
  {
    "model": "admin.logentry",
    "pk": 26,
    "fields": {
      "action_time": "2023-12-12T12:31:55.338Z",
      "user": 1,
      "content_type": 12,
      "object_id": "18",
      "object_repr": "Кофе",
      "action_flag": 1,
      "change_message": "[{\"added\": {}}]"
    }
  },
  {
    "model": "admin.logentry",
    "pk": 27,
    "fields": {
      "action_time": "2023-12-12T12:32:08.843Z",
      "user": 1,
      "content_type": 12,
      "object_id": "19",
      "object_repr": "Горячий шоколад",
      "action_flag": 1,
      "change_message": "[{\"added\": {}}]"
    }
  },
  {
    "model": "admin.logentry",
    "pk": 28,
    "fields": {
      "action_time": "2023-12-12T12:32:34.813Z",
      "user": 1,
      "content_type": 10,
      "object_id": "1",
      "object_repr": "Молоко, сыр, яйца",
      "action_flag": 2,
      "change_message": "[{\"changed\": {\"fields\": [\"Name\"]}}]"
    }
  },
  {
    "model": "admin.logentry",
    "pk": 29,
    "fields": {
      "action_time": "2023-12-12T12:32:51.437Z",
      "user": 1,
      "content_type": 12,
      "object_id": "20",
      "object_repr": "Сыр нарезной",
      "action_flag": 1,
      "change_message": "[{\"added\": {}}]"
    }
  },
  {
    "model": "admin.logentry",
    "pk": 30,
    "fields": {
      "action_time": "2023-12-12T12:32:59.788Z",
      "user": 1,
      "content_type": 12,
      "object_id": "21",
      "object_repr": "Творог",
      "action_flag": 1,
      "change_message": "[{\"added\": {}}]"
    }
  },
  {
    "model": "admin.logentry",
    "pk": 31,
    "fields": {
      "action_time": "2023-12-12T12:33:11.223Z",
      "user": 1,
      "content_type": 12,
      "object_id": "22",
      "object_repr": "Яйца С0",
      "action_flag": 1,
      "change_message": "[{\"added\": {}}]"
    }
  },
  {
    "model": "admin.logentry",
    "pk": 32,
    "fields": {
      "action_time": "2023-12-12T12:33:19.624Z",
      "user": 1,
      "content_type": 12,
      "object_id": "23",
      "object_repr": "Кефир",
      "action_flag": 1,
      "change_message": "[{\"added\": {}}]"
    }
  },
  {
    "model": "admin.logentry",
    "pk": 33,
    "fields": {
      "action_time": "2023-12-12T12:33:41.353Z",
      "user": 1,
      "content_type": 12,
      "object_id": "24",
      "object_repr": "Сок Добрый",
      "action_flag": 1,
      "change_message": "[{\"added\": {}}]"
    }
  },
  {
    "model": "admin.logentry",
    "pk": 34,
    "fields": {
      "action_time": "2023-12-12T12:33:54.629Z",
      "user": 1,
      "content_type": 12,
      "object_id": "25",
      "object_repr": "Вода",
      "action_flag": 1,
      "change_message": "[{\"added\": {}}]"
    }
  },
  {
    "model": "admin.logentry",
    "pk": 35,
    "fields": {
      "action_time": "2023-12-12T12:34:10.417Z",
      "user": 1,
      "content_type": 12,
      "object_id": "26",
      "object_repr": "Холодный чай",
      "action_flag": 1,
      "change_message": "[{\"added\": {}}]"
    }
  },
  {
    "model": "admin.logentry",
    "pk": 36,
    "fields": {
      "action_time": "2023-12-12T12:34:39.558Z",
      "user": 1,
      "content_type": 12,
      "object_id": "27",
      "object_repr": "Квас",
      "action_flag": 1,
      "change_message": "[{\"added\": {}}]"
    }
  },
  {
    "model": "admin.logentry",
    "pk": 37,
    "fields": {
      "action_time": "2023-12-12T12:34:53.601Z",
      "user": 1,
      "content_type": 12,
      "object_id": "28",
      "object_repr": "Кола Добрый",
      "action_flag": 1,
      "change_message": "[{\"added\": {}}]"
    }
  },
  {
    "model": "admin.logentry",
    "pk": 38,
    "fields": {
      "action_time": "2023-12-12T12:35:06.672Z",
      "user": 1,
      "content_type": 12,
      "object_id": "29",
      "object_repr": "Колбаса нарезная сервелат",
      "action_flag": 1,
      "change_message": "[{\"added\": {}}]"
    }
  },
  {
    "model": "admin.logentry",
    "pk": 39,
    "fields": {
      "action_time": "2023-12-12T12:35:15.046Z",
      "user": 1,
      "content_type": 12,
      "object_id": "30",
      "object_repr": "Бедра куриные",
      "action_flag": 1,
      "change_message": "[{\"added\": {}}]"
    }
  },
  {
    "model": "admin.logentry",
    "pk": 40,
    "fields": {
      "action_time": "2023-12-12T12:35:26.171Z",
      "user": 1,
      "content_type": 12,
      "object_id": "31",
      "object_repr": "Печень куриная",
      "action_flag": 1,
      "change_message": "[{\"added\": {}}]"
    }
  },
  {
    "model": "admin.logentry",
    "pk": 41,
    "fields": {
      "action_time": "2023-12-12T12:35:35.514Z",
      "user": 1,
      "content_type": 12,
      "object_id": "32",
      "object_repr": "Филе куриное",
      "action_flag": 1,
      "change_message": "[{\"added\": {}}]"
    }
  },
  {
    "model": "admin.logentry",
    "pk": 42,
    "fields": {
      "action_time": "2023-12-12T14:54:05.151Z",
      "user": 1,
      "content_type": 12,
      "object_id": "33",
      "object_repr": "Сок Ju100",
      "action_flag": 1,
      "change_message": "[{\"added\": {}}]"
    }
  },
  {
    "model": "admin.logentry",
    "pk": 43,
    "fields": {
      "action_time": "2023-12-13T17:13:45.831Z",
      "user": 1,
      "content_type": 11,
      "object_id": "1",
      "object_repr": "god: Лента Бананы",
      "action_flag": 1,
      "change_message": "[{\"added\": {}}]"
    }
  },
  {
    "model": "auth.permission",
    "pk": 1,
    "fields": {
      "name": "Can add log entry",
      "content_type": 1,
      "codename": "add_logentry"
    }
  },
  {
    "model": "auth.permission",
    "pk": 2,
    "fields": {
      "name": "Can change log entry",
      "content_type": 1,
      "codename": "change_logentry"
    }
  },
  {
    "model": "auth.permission",
    "pk": 3,
    "fields": {
      "name": "Can delete log entry",
      "content_type": 1,
      "codename": "delete_logentry"
    }
  },
  {
    "model": "auth.permission",
    "pk": 4,
    "fields": {
      "name": "Can view log entry",
      "content_type": 1,
      "codename": "view_logentry"
    }
  },
  {
    "model": "auth.permission",
    "pk": 5,
    "fields": {
      "name": "Can add permission",
      "content_type": 2,
      "codename": "add_permission"
    }
  },
  {
    "model": "auth.permission",
    "pk": 6,
    "fields": {
      "name": "Can change permission",
      "content_type": 2,
      "codename": "change_permission"
    }
  },
  {
    "model": "auth.permission",
    "pk": 7,
    "fields": {
      "name": "Can delete permission",
      "content_type": 2,
      "codename": "delete_permission"
    }
  },
  {
    "model": "auth.permission",
    "pk": 8,
    "fields": {
      "name": "Can view permission",
      "content_type": 2,
      "codename": "view_permission"
    }
  },
  {
    "model": "auth.permission",
    "pk": 9,
    "fields": {
      "name": "Can add group",
      "content_type": 3,
      "codename": "add_group"
    }
  },
  {
    "model": "auth.permission",
    "pk": 10,
    "fields": {
      "name": "Can change group",
      "content_type": 3,
      "codename": "change_group"
    }
  },
  {
    "model": "auth.permission",
    "pk": 11,
    "fields": {
      "name": "Can delete group",
      "content_type": 3,
      "codename": "delete_group"
    }
  },
  {
    "model": "auth.permission",
    "pk": 12,
    "fields": {
      "name": "Can view group",
      "content_type": 3,
      "codename": "view_group"
    }
  },
  {
    "model": "auth.permission",
    "pk": 13,
    "fields": {
      "name": "Can add content type",
      "content_type": 4,
      "codename": "add_contenttype"
    }
  },
  {
    "model": "auth.permission",
    "pk": 14,
    "fields": {
      "name": "Can change content type",
      "content_type": 4,
      "codename": "change_contenttype"
    }
  },
  {
    "model": "auth.permission",
    "pk": 15,
    "fields": {
      "name": "Can delete content type",
      "content_type": 4,
      "codename": "delete_contenttype"
    }
  },
  {
    "model": "auth.permission",
    "pk": 16,
    "fields": {
      "name": "Can view content type",
      "content_type": 4,
      "codename": "view_contenttype"
    }
  },
  {
    "model": "auth.permission",
    "pk": 17,
    "fields": {
      "name": "Can add session",
      "content_type": 5,
      "codename": "add_session"
    }
  },
  {
    "model": "auth.permission",
    "pk": 18,
    "fields": {
      "name": "Can change session",
      "content_type": 5,
      "codename": "change_session"
    }
  },
  {
    "model": "auth.permission",
    "pk": 19,
    "fields": {
      "name": "Can delete session",
      "content_type": 5,
      "codename": "delete_session"
    }
  },
  {
    "model": "auth.permission",
    "pk": 20,
    "fields": {
      "name": "Can view session",
      "content_type": 5,
      "codename": "view_session"
    }
  },
  {
    "model": "auth.permission",
    "pk": 21,
    "fields": {
      "name": "Can add user",
      "content_type": 6,
      "codename": "add_user"
    }
  },
  {
    "model": "auth.permission",
    "pk": 22,
    "fields": {
      "name": "Can change user",
      "content_type": 6,
      "codename": "change_user"
    }
  },
  {
    "model": "auth.permission",
    "pk": 23,
    "fields": {
      "name": "Can delete user",
      "content_type": 6,
      "codename": "delete_user"
    }
  },
  {
    "model": "auth.permission",
    "pk": 24,
    "fields": {
      "name": "Can view user",
      "content_type": 6,
      "codename": "view_user"
    }
  },
  {
    "model": "auth.permission",
    "pk": 25,
    "fields": {
      "name": "Can add city",
      "content_type": 7,
      "codename": "add_city"
    }
  },
  {
    "model": "auth.permission",
    "pk": 26,
    "fields": {
      "name": "Can change city",
      "content_type": 7,
      "codename": "change_city"
    }
  },
  {
    "model": "auth.permission",
    "pk": 27,
    "fields": {
      "name": "Can delete city",
      "content_type": 7,
      "codename": "delete_city"
    }
  },
  {
    "model": "auth.permission",
    "pk": 28,
    "fields": {
      "name": "Can view city",
      "content_type": 7,
      "codename": "view_city"
    }
  },
  {
    "model": "auth.permission",
    "pk": 29,
    "fields": {
      "name": "Can add user_ shop",
      "content_type": 8,
      "codename": "add_user_shop"
    }
  },
  {
    "model": "auth.permission",
    "pk": 30,
    "fields": {
      "name": "Can change user_ shop",
      "content_type": 8,
      "codename": "change_user_shop"
    }
  },
  {
    "model": "auth.permission",
    "pk": 31,
    "fields": {
      "name": "Can delete user_ shop",
      "content_type": 8,
      "codename": "delete_user_shop"
    }
  },
  {
    "model": "auth.permission",
    "pk": 32,
    "fields": {
      "name": "Can view user_ shop",
      "content_type": 8,
      "codename": "view_user_shop"
    }
  },
  {
    "model": "auth.permission",
    "pk": 33,
    "fields": {
      "name": "Can add user_ product",
      "content_type": 9,
      "codename": "add_user_product"
    }
  },
  {
    "model": "auth.permission",
    "pk": 34,
    "fields": {
      "name": "Can change user_ product",
      "content_type": 9,
      "codename": "change_user_product"
    }
  },
  {
    "model": "auth.permission",
    "pk": 35,
    "fields": {
      "name": "Can delete user_ product",
      "content_type": 9,
      "codename": "delete_user_product"
    }
  },
  {
    "model": "auth.permission",
    "pk": 36,
    "fields": {
      "name": "Can view user_ product",
      "content_type": 9,
      "codename": "view_user_product"
    }
  },
  {
    "model": "auth.permission",
    "pk": 37,
    "fields": {
      "name": "Can add category",
      "content_type": 10,
      "codename": "add_category"
    }
  },
  {
    "model": "auth.permission",
    "pk": 38,
    "fields": {
      "name": "Can change category",
      "content_type": 10,
      "codename": "change_category"
    }
  },
  {
    "model": "auth.permission",
    "pk": 39,
    "fields": {
      "name": "Can delete category",
      "content_type": 10,
      "codename": "delete_category"
    }
  },
  {
    "model": "auth.permission",
    "pk": 40,
    "fields": {
      "name": "Can view category",
      "content_type": 10,
      "codename": "view_category"
    }
  },
  {
    "model": "auth.permission",
    "pk": 41,
    "fields": {
      "name": "Can add price",
      "content_type": 11,
      "codename": "add_price"
    }
  },
  {
    "model": "auth.permission",
    "pk": 42,
    "fields": {
      "name": "Can change price",
      "content_type": 11,
      "codename": "change_price"
    }
  },
  {
    "model": "auth.permission",
    "pk": 43,
    "fields": {
      "name": "Can delete price",
      "content_type": 11,
      "codename": "delete_price"
    }
  },
  {
    "model": "auth.permission",
    "pk": 44,
    "fields": {
      "name": "Can view price",
      "content_type": 11,
      "codename": "view_price"
    }
  },
  {
    "model": "auth.permission",
    "pk": 45,
    "fields": {
      "name": "Can add product",
      "content_type": 12,
      "codename": "add_product"
    }
  },
  {
    "model": "auth.permission",
    "pk": 46,
    "fields": {
      "name": "Can change product",
      "content_type": 12,
      "codename": "change_product"
    }
  },
  {
    "model": "auth.permission",
    "pk": 47,
    "fields": {
      "name": "Can delete product",
      "content_type": 12,
      "codename": "delete_product"
    }
  },
  {
    "model": "auth.permission",
    "pk": 48,
    "fields": {
      "name": "Can view product",
      "content_type": 12,
      "codename": "view_product"
    }
  },
  {
    "model": "auth.permission",
    "pk": 49,
    "fields": {
      "name": "Can add shop",
      "content_type": 13,
      "codename": "add_shop"
    }
  },
  {
    "model": "auth.permission",
    "pk": 50,
    "fields": {
      "name": "Can change shop",
      "content_type": 13,
      "codename": "change_shop"
    }
  },
  {
    "model": "auth.permission",
    "pk": 51,
    "fields": {
      "name": "Can delete shop",
      "content_type": 13,
      "codename": "delete_shop"
    }
  },
  {
    "model": "auth.permission",
    "pk": 52,
    "fields": {
      "name": "Can view shop",
      "content_type": 13,
      "codename": "view_shop"
    }
  },
  {
    "model": "contenttypes.contenttype",
    "pk": 1,
    "fields": {
      "app_label": "admin",
      "model": "logentry"
    }
  },
  {
    "model": "contenttypes.contenttype",
    "pk": 2,
    "fields": {
      "app_label": "auth",
      "model": "permission"
    }
  },
  {
    "model": "contenttypes.contenttype",
    "pk": 3,
    "fields": {
      "app_label": "auth",
      "model": "group"
    }
  },
  {
    "model": "contenttypes.contenttype",
    "pk": 4,
    "fields": {
      "app_label": "contenttypes",
      "model": "contenttype"
    }
  },
  {
    "model": "contenttypes.contenttype",
    "pk": 5,
    "fields": {
      "app_label": "sessions",
      "model": "session"
    }
  },
  {
    "model": "contenttypes.contenttype",
    "pk": 6,
    "fields": {
      "app_label": "users",
      "model": "user"
    }
  },
  {
    "model": "contenttypes.contenttype",
    "pk": 7,
    "fields": {
      "app_label": "users",
      "model": "city"
    }
  },
  {
    "model": "contenttypes.contenttype",
    "pk": 8,
    "fields": {
      "app_label": "users",
      "model": "user_shop"
    }
  },
  {
    "model": "contenttypes.contenttype",
    "pk": 9,
    "fields": {
      "app_label": "users",
      "model": "user_product"
    }
  },
  {
    "model": "contenttypes.contenttype",
    "pk": 10,
    "fields": {
      "app_label": "price",
      "model": "category"
    }
  },
  {
    "model": "contenttypes.contenttype",
    "pk": 11,
    "fields": {
      "app_label": "price",
      "model": "price"
    }
  },
  {
    "model": "contenttypes.contenttype",
    "pk": 12,
    "fields": {
      "app_label": "price",
      "model": "product"
    }
  },
  {
    "model": "contenttypes.contenttype",
    "pk": 13,
    "fields": {
      "app_label": "price",
      "model": "shop"
    }
  },
  {
    "model": "sessions.session",
    "pk": "2ngvpqm0bl1iuiydy8mveedloapkxmjs",
    "fields": {
      "session_data": ".eJxVjEEOwiAQRe_C2hAGCgwu3XsGQplBqoYmpV0Z765NutDtf-_9l4hpW2vcOi9xInEWIE6_25jyg9sO6J7abZZ5busyjXJX5EG7vM7Ez8vh_h3U1Ou3TobQBFQQrEGwNNiiibULSSvC4jM7DWwVAaPyRjmPDgZTyGWXFWrx_gC7jja8:1rDQpV:n5kjwkpSw39PhgmdiTGtKFqbb3d8jIkCWLqkI-dg4XE",
      "expire_date": "2023-12-27T15:07:21.053Z"
    }
  },
  {
    "model": "users.city",
    "pk": 1,
    "fields": {
      "name": "London",
      "custom": false
    }
  },
  {
    "model": "users.city",
    "pk": 2,
    "fields": {
      "name": "Москва",
      "custom": false
    }
  },
  {
    "model": "users.city",
    "pk": 3,
    "fields": {
      "name": "Санкт-Петербург",
      "custom": false
    }
  },
  {
    "model": "users.city",
    "pk": 4,
    "fields": {
      "name": "Екатеринбург",
      "custom": false
    }
  },
  {
    "model": "users.city",
    "pk": 5,
    "fields": {
      "name": "Другой город",
      "custom": false
    }
  },
  {
    "model": "users.user",
    "pk": 1,
    "fields": {
      "password": "pbkdf2_sha256$260000$CuHRbQe01qT98K5W4LJ1iX$KXEmeWw7shNCVpLzvM9GRhjMnIthE2920yxslKc9s/U=",
      "last_login": "2023-12-13T15:07:21.040Z",
      "is_superuser": true,
      "username": "god",
      "first_name": "Иисус",
      "last_name": "Христосик",
      "email": "god@paradise.au",
      "is_staff": true,
      "is_active": true,
      "date_joined": "2023-12-08T19:09:02Z",
      "avatar": "users_avatars/помада.png",
      "city": null,
      "private": false,
      "groups": [],
      "user_permissions": []
    }
  },
  {
    "model": "users.user",
    "pk": 2,
    "fields": {
      "password": "pbkdf2_sha256$260000$3jTToUSawWEjCDkcq64nUV$VjAvLrnh22V7G/LjwzU74DvSBKni1SAlzDrkRH3wboY=",
      "last_login": "2023-12-13T13:34:35.370Z",
      "is_superuser": false,
      "username": "villerbond",
      "first_name": "Yaroslav",
      "last_name": "Bondarev",
      "email": "v1llerbond@yandex.ru",
      "is_staff": false,
      "is_active": true,
      "date_joined": "2023-12-08T19:10:45.327Z",
      "avatar": "users_avatars/photo_2023-01-29_17-44-45_2.jpg",
      "city": 5,
      "private": false,
      "groups": [],
      "user_permissions": []
    }
  },
  {
    "model": "users.user",
    "pk": 3,
    "fields": {
      "password": "pbkdf2_sha256$260000$1loLr4Kltg1g79qwMUFvK8$YQjOawVrNXg1XJIfENmUXFfn1/MySKUNFZH1K8mwWsI=",
      "last_login": "2023-12-08T21:31:36.387Z",
      "is_superuser": false,
      "username": "norimyxxxo",
      "first_name": "Мирон",
      "last_name": "Фёдоров",
      "email": "oxxxy@yandex.ru",
      "is_staff": false,
      "is_active": true,
      "date_joined": "2023-12-08T19:11:57Z",
      "avatar": "users_avatars/Мирон.png",
      "city": 1,
      "private": false,
      "groups": [],
      "user_permissions": []
    }
  },
  {
    "model": "users.user",
    "pk": 4,
    "fields": {
      "password": "pbkdf2_sha256$260000$VIQqIKpzYnSWLHe1cPWdlK$V89IZCEPrFr1HAJ3PQy1MvITmIuOCcAOUH6W/uSmj1w=",
      "last_login": "2023-12-12T18:16:05.566Z",
      "is_superuser": false,
      "username": "vitalit",
      "first_name": "Виталий",
      "last_name": "Витальев",
      "email": "vitalot@vitoogle.com",
      "is_staff": false,
      "is_active": true,
      "date_joined": "2023-12-12T18:16:00.568Z",
      "avatar": "",
      "city": null,
      "private": false,
      "groups": [],
      "user_permissions": []
    }
  },
  {
    "model": "users.user_product",
    "pk": 4,
    "fields": {
      "user": 1,
      "product": 2
    }
  },
  {
    "model": "users.user_product",
    "pk": 5,
    "fields": {
      "user": 1,
      "product": 1
    }
  },
  {
    "model": "users.user_product",
    "pk": 7,
    "fields": {
      "user": 1,
      "product": 15
    }
  },
  {
    "model": "users.user_product",
    "pk": 8,
    "fields": {
      "user": 2,
      "product": 15
    }
  },
  {
    "model": "users.user_product",
    "pk": 11,
    "fields": {
      "user": 1,
      "product": 25
    }
  },
  {
    "model": "users.user_product",
    "pk": 12,
    "fields": {
      "user": 1,
      "product": 33
    }
  },
  {
    "model": "users.user_product",
    "pk": 14,
    "fields": {
      "user": 1,
      "product": 30
    }
  },
  {
    "model": "users.user_product",
    "pk": 15,
    "fields": {
      "user": 1,
      "product": 34
    }
  },
  {
    "model": "users.user_product",
    "pk": 16,
    "fields": {
      "user": 1,
      "product": 3
    }
  },
  {
    "model": "users.user_product",
    "pk": 18,
    "fields": {
      "user": 1,
      "product": 4
    }
  },
  {
    "model": "users.user_product",
    "pk": 19,
    "fields": {
      "user": 1,
      "product": 9
    }
  },
  {
    "model": "users.user_shop",
    "pk": 1,
    "fields": {
      "user": 1,
      "shop": 1
    }
  },
  {
    "model": "users.user_shop",
    "pk": 2,
    "fields": {
      "user": 1,
      "shop": 2
    }
  },
  {
    "model": "users.user_shop",
    "pk": 4,
    "fields": {
      "user": 2,
      "shop": 1
    }
  },
  {
    "model": "users.user_shop",
    "pk": 5,
    "fields": {
      "user": 1,
      "shop": 5
    }
  },
  {
    "model": "users.user_shop",
    "pk": 6,
    "fields": {
      "user": 1,
      "shop": 4
    }
  },
  {
    "model": "users.user_shop",
    "pk": 7,
    "fields": {
      "user": 1,
      "shop": 3
    }
  },
  {
    "model": "price.category",
    "pk": 1,
    "fields": {
      "name": "Молоко, сыр, яйца"
    }
  },
  {
    "model": "price.category",
    "pk": 2,
    "fields": {
      "name": "Мясо, птица, колбаса"
    }
  },
  {
    "model": "price.category",
    "pk": 3,
    "fields": {
      "name": "Чай, кофе, какао"
    }
  },
  {
    "model": "price.category",
    "pk": 4,
    "fields": {
      "name": "Фрукты"
    }
  },
  {
    "model": "price.category",
    "pk": 5,
    "fields": {
      "name": "Безалкогольные напитки"
    }
  },
  {
    "model": "price.category",
    "pk": 6,
    "fields": {
      "name": "Кондитерские изделия"
    }
  },
  {
    "model": "price.category",
    "pk": 7,
    "fields": {
      "name": "Овощи"
    }
  },
  {
    "model": "price.category",
    "pk": 8,
    "fields": {
      "name": "Другое"
    }
  },
  {
    "model": "price.product",
    "pk": 1,
    "fields": {
      "name": "Чай",
      "icon": "product_icons/024d22c402b248bf79163e6122f18d95.jpg",
      "category": 3,
      "author": null
    }
  },
  {
    "model": "price.product",
    "pk": 2,
    "fields": {
      "name": "Молоко",
      "icon": "product_icons/moloko-pasterizovannoe-mz-piskaryovskij-piskaryovskoe-25-bez-zmzh-1000ml-r_Bj8kuay.jpg",
      "category": 1,
      "author": null
    }
  },
  {
    "model": "price.product",
    "pk": 3,
    "fields": {
      "name": "Курица тушка",
      "icon": "product_icons/Kip-ap-1.jpg",
      "category": 2,
      "author": null
    }
  },
  {
    "model": "price.product",
    "pk": 4,
    "fields": {
      "name": "Морковь",
      "icon": "",
      "category": 7,
      "author": null
    }
  },
  {
    "model": "price.product",
    "pk": 5,
    "fields": {
      "name": "Картофель",
      "icon": "",
      "category": 7,
      "author": null
    }
  },
  {
    "model": "price.product",
    "pk": 6,
    "fields": {
      "name": "Огурцы",
      "icon": "",
      "category": 7,
      "author": null
    }
  },
  {
    "model": "price.product",
    "pk": 7,
    "fields": {
      "name": "Томаты",
      "icon": "",
      "category": 7,
      "author": null
    }
  },
  {
    "model": "price.product",
    "pk": 8,
    "fields": {
      "name": "Лук",
      "icon": "",
      "category": 7,
      "author": null
    }
  },
  {
    "model": "price.product",
    "pk": 9,
    "fields": {
      "name": "Бананы",
      "icon": "",
      "category": 4,
      "author": null
    }
  },
  {
    "model": "price.product",
    "pk": 10,
    "fields": {
      "name": "Мандарины",
      "icon": "",
      "category": 4,
      "author": null
    }
  },
  {
    "model": "price.product",
    "pk": 11,
    "fields": {
      "name": "Яблоки",
      "icon": "",
      "category": 4,
      "author": null
    }
  },
  {
    "model": "price.product",
    "pk": 12,
    "fields": {
      "name": "Нектарины",
      "icon": "",
      "category": 4,
      "author": null
    }
  },
  {
    "model": "price.product",
    "pk": 13,
    "fields": {
      "name": "Ананас",
      "icon": "",
      "category": 4,
      "author": null
    }
  },
  {
    "model": "price.product",
    "pk": 14,
    "fields": {
      "name": "Шоколад молочный AlpenGold",
      "icon": "",
      "category": 6,
      "author": null
    }
  },
  {
    "model": "price.product",
    "pk": 15,
    "fields": {
      "name": "Зефир",
      "icon": "",
      "category": 6,
      "author": null
    }
  },
  {
    "model": "price.product",
    "pk": 16,
    "fields": {
      "name": "Печенье Любятово",
      "icon": "",
      "category": 6,
      "author": null
    }
  },
  {
    "model": "price.product",
    "pk": 17,
    "fields": {
      "name": "Печенье Курабье",
      "icon": "",
      "category": 6,
      "author": null
    }
  },
  {
    "model": "price.product",
    "pk": 18,
    "fields": {
      "name": "Кофе",
      "icon": "",
      "category": 3,
      "author": null
    }
  },
  {
    "model": "price.product",
    "pk": 19,
    "fields": {
      "name": "Горячий шоколад",
      "icon": "",
      "category": 3,
      "author": null
    }
  },
  {
    "model": "price.product",
    "pk": 20,
    "fields": {
      "name": "Сыр нарезной",
      "icon": "",
      "category": 1,
      "author": null
    }
  },
  {
    "model": "price.product",
    "pk": 21,
    "fields": {
      "name": "Творог",
      "icon": "",
      "category": 1,
      "author": null
    }
  },
  {
    "model": "price.product",
    "pk": 22,
    "fields": {
      "name": "Яйца С0",
      "icon": "",
      "category": 1,
      "author": null
    }
  },
  {
    "model": "price.product",
    "pk": 23,
    "fields": {
      "name": "Кефир",
      "icon": "",
      "category": 1,
      "author": null
    }
  },
  {
    "model": "price.product",
    "pk": 24,
    "fields": {
      "name": "Сок Добрый",
      "icon": "",
      "category": 5,
      "author": null
    }
  },
  {
    "model": "price.product",
    "pk": 25,
    "fields": {
      "name": "Вода",
      "icon": "",
      "category": 5,
      "author": null
    }
  },
  {
    "model": "price.product",
    "pk": 26,
    "fields": {
      "name": "Холодный чай",
      "icon": "",
      "category": 5,
      "author": null
    }
  },
  {
    "model": "price.product",
    "pk": 27,
    "fields": {
      "name": "Квас",
      "icon": "",
      "category": 5,
      "author": null
    }
  },
  {
    "model": "price.product",
    "pk": 28,
    "fields": {
      "name": "Кола Добрый",
      "icon": "",
      "category": 5,
      "author": null
    }
  },
  {
    "model": "price.product",
    "pk": 29,
    "fields": {
      "name": "Колбаса нарезная сервелат",
      "icon": "",
      "category": 2,
      "author": null
    }
  },
  {
    "model": "price.product",
    "pk": 30,
    "fields": {
      "name": "Бедра куриные",
      "icon": "",
      "category": 2,
      "author": null
    }
  },
  {
    "model": "price.product",
    "pk": 31,
    "fields": {
      "name": "Печень куриная",
      "icon": "",
      "category": 2,
      "author": null
    }
  },
  {
    "model": "price.product",
    "pk": 32,
    "fields": {
      "name": "Филе куриное",
      "icon": "",
      "category": 2,
      "author": null
    }
  },
  {
    "model": "price.product",
    "pk": 33,
    "fields": {
      "name": "Сок Ju100",
      "icon": "",
      "category": 5,
      "author": 1
    }
  },
  {
    "model": "price.product",
    "pk": 34,
    "fields": {
      "name": "Печенюш Апельсиныч",
      "icon": "",
      "category": 6,
      "author": 1
    }
  },
  {
    "model": "price.product",
    "pk": 35,
    "fields": {
      "name": "Аладушки панкейки",
      "icon": "",
      "category": 6,
      "author": null
    }
  },
  {
    "model": "price.shop",
    "pk": 1,
    "fields": {
      "name": "Пятерочка",
      "adress": null,
      "icon": "shop_icons/1680650440_phonoteka-org-p-emblema-pyaterochki-art-pinterest-4_WfgvAHS.png",
      "author": null
    }
  },
  {
    "model": "price.shop",
    "pk": 2,
    "fields": {
      "name": "Лента",
      "adress": null,
      "icon": "shop_icons/lenta.jpg",
      "author": null
    }
  },
  {
    "model": "price.shop",
    "pk": 3,
    "fields": {
      "name": "Перекрёсток",
      "adress": null,
      "icon": "shop_icons/efa27c7e-50d9-4a26-ab88-d78de67f5b38-6156623.jpeg",
      "author": null
    }
  },
  {
    "model": "price.shop",
    "pk": 4,
    "fields": {
      "name": "Магнит",
      "adress": null,
      "icon": "shop_icons/15_Magnit_main-logo_sign.jpg",
      "author": null
    }
  },
  {
    "model": "price.shop",
    "pk": 5,
    "fields": {
      "name": "Лжеандрейка",
      "adress": "",
      "icon": "",
      "author": 1
    }
  },
  {
    "model": "price.price",
    "pk": 1,
    "fields": {
      "shop": 2,
      "product": 19,
      "price": "32.50",
      "comment": null
    }
  }
]