[
  {
    "model": "admin.logentry",
    "pk": 1,
    "fields": {
      "action_time": "2023-12-12T11:53:33.970Z",
      "user": 1,
      "content_type": 9,
      "object_id": "2",
      "object_repr": "god - Курица тушка",
      "action_flag": 3,
      "change_message": ""
    }
  },
  {
    "model": "admin.logentry",
    "pk": 2,
    "fields": {
      "action_time": "2023-12-12T11:53:38.164Z",
      "user": 1,
      "content_type": 9,
      "object_id": "1",
      "object_repr": "god - Молоко",
      "action_flag": 3,
      "change_message": ""
    }
  },
  {
    "model": "admin.logentry",
    "pk": 3,
    "fields": {
      "action_time": "2023-12-12T12:24:56.985Z",
      "user": 1,
      "content_type": 10,
      "object_id": "4",
      "object_repr": "Фрукты и овощи",
      "action_flag": 1,
      "change_message": "[{\"added\": {}}]"
    }
  },
  {
    "model": "admin.logentry",
    "pk": 4,
    "fields": {
      "action_time": "2023-12-12T12:25:11.263Z",
      "user": 1,
      "content_type": 10,
      "object_id": "2",
      "object_repr": "Мясо, птица, колбаса",
      "action_flag": 2,
      "change_message": "[{\"changed\": {\"fields\": [\"Name\"]}}]"
    }
  },
  {
    "model": "admin.logentry",
    "pk": 5,
    "fields": {
      "action_time": "2023-12-12T12:25:45.759Z",
      "user": 1,
      "content_type": 10,
      "object_id": "5",
      "object_repr": "Безалкогольные напитки",
      "action_flag": 1,
      "change_message": "[{\"added\": {}}]"
    }
  },
  {
    "model": "admin.logentry",
    "pk": 6,
    "fields": {
      "action_time": "2023-12-12T12:25:55.064Z",
      "user": 1,
      "content_type": 10,
      "object_id": "3",
      "object_repr": "Чай, кофе, какао",
      "action_flag": 2,
      "change_message": "[{\"changed\": {\"fields\": [\"Name\"]}}]"
    }
  },
  {
    "model": "admin.logentry",
    "pk": 7,
    "fields": {
      "action_time": "2023-12-12T12:26:02.200Z",
      "user": 1,
      "content_type": 10,
      "object_id": "6",
      "object_repr": "Кондитерские изделия",
      "action_flag": 1,
      "change_message": "[{\"added\": {}}]"
    }
  },
  {
    "model": "admin.logentry",
    "pk": 8,
    "fields": {
      "action_time": "2023-12-12T12:26:43.779Z",
      "user": 1,
      "content_type": 13,
      "object_id": "4",
      "object_repr": "Магнит",
      "action_flag": 1,
      "change_message": "[{\"added\": {}}]"
    }
  },
  {
    "model": "admin.logentry",
    "pk": 9,
    "fields": {
      "action_time": "2023-12-12T12:27:24.218Z",
      "user": 1,
      "content_type": 10,
      "object_id": "4",
      "object_repr": "Фрукты",
      "action_flag": 2,
      "change_message": "[{\"changed\": {\"fields\": [\"Name\"]}}]"
    }
  },
  {
    "model": "admin.logentry",
    "pk": 10,
    "fields": {
      "action_time": "2023-12-12T12:27:29.310Z",
      "user": 1,
      "content_type": 10,
      "object_id": "7",
      "object_repr": "Овощи",
      "action_flag": 1,
      "change_message": "[{\"added\": {}}]"
    }
  },
  {
    "model": "admin.logentry",
    "pk": 11,
    "fields": {
      "action_time": "2023-12-12T12:27:33.934Z",
      "user": 1,
      "content_type": 10,
      "object_id": "8",
      "object_repr": "Другое",
      "action_flag": 1,
      "change_message": "[{\"added\": {}}]"
    }
  },
  {
    "model": "admin.logentry",
    "pk": 12,
    "fields": {
      "action_time": "2023-12-12T12:27:57.499Z",
      "user": 1,
      "content_type": 12,
      "object_id": "4",
      "object_repr": "Морковь",
      "action_flag": 1,
      "change_message": "[{\"added\": {}}]"
    }
  },
  {
    "model": "admin.logentry",
    "pk": 13,
    "fields": {
      "action_time": "2023-12-12T12:28:05.738Z",
      "user": 1,
      "content_type": 12,
      "object_id": "5",
      "object_repr": "Картофель",
      "action_flag": 1,
      "change_message": "[{\"added\": {}}]"
    }
  },
  {
    "model": "admin.logentry",
    "pk": 14,
    "fields": {
      "action_time": "2023-12-12T12:28:17.934Z",
      "user": 1,
      "content_type": 12,
      "object_id": "6",
      "object_repr": "Огурцы",
      "action_flag": 1,
      "change_message": "[{\"added\": {}}]"
    }
  },
  {
    "model": "admin.logentry",
    "pk": 15,
    "fields": {
      "action_time": "2023-12-12T12:28:30.234Z",
      "user": 1,
      "content_type": 12,
      "object_id": "7",
      "object_repr": "Томаты",
      "action_flag": 1,
      "change_message": "[{\"added\": {}}]"
    }
  },
  {
    "model": "admin.logentry",
    "pk": 16,
    "fields": {
      "action_time": "2023-12-12T12:28:45.360Z",
      "user": 1,
      "content_type": 12,
      "object_id": "8",
      "object_repr": "Лук",
      "action_flag": 1,
      "change_message": "[{\"added\": {}}]"
    }
  },
  {
    "model": "admin.logentry",
    "pk": 17,
    "fields": {
      "action_time": "2023-12-12T12:28:59.771Z",
      "user": 1,
      "content_type": 12,
      "object_id": "9",
      "object_repr": "Бананы",
      "action_flag": 1,
      "change_message": "[{\"added\": {}}]"
    }
  },
  {
    "model": "admin.logentry",
    "pk": 18,
    "fields": {
      "action_time": "2023-12-12T12:29:12.339Z",
      "user": 1,
      "content_type": 12,
      "object_id": "10",
      "object_repr": "Мандарины",
      "action_flag": 1,
      "change_message": "[{\"added\": {}}]"
    }
  },
  {
    "model": "admin.logentry",
    "pk": 19,
    "fields": {
      "action_time": "2023-12-12T12:29:25.805Z",
      "user": 1,
      "content_type": 12,
      "object_id": "11",
      "object_repr": "Яблоки",
      "action_flag": 1,
      "change_message": "[{\"added\": {}}]"
    }
  },
  {
    "model": "admin.logentry",
    "pk": 20,
    "fields": {
      "action_time": "2023-12-12T12:29:47.944Z",
      "user": 1,
      "content_type": 12,
      "object_id": "12",
      "object_repr": "Нектарины",
      "action_flag": 1,
      "change_message": "[{\"added\": {}}]"
    }
  },
  {
    "model": "admin.logentry",
    "pk": 21,
    "fields": {
      "action_time": "2023-12-12T12:29:55.007Z",
      "user": 1,
      "content_type": 12,
      "object_id": "13",
      "object_repr": "Ананас",
      "action_flag": 1,
      "change_message": "[{\"added\": {}}]"
    }
  },
  {
    "model": "admin.logentry",
    "pk": 22,
    "fields": {
      "action_time": "2023-12-12T12:30:58.955Z",
      "user": 1,
      "content_type": 12,
      "object_id": "14",
      "object_repr": "Шоколад молочный AlpenGold",
      "action_flag": 1,
      "change_message": "[{\"added\": {}}]"
    }
  },
  {
    "model": "admin.logentry",
    "pk": 23,
    "fields": {
      "action_time": "2023-12-12T12:31:07.937Z",
      "user": 1,
      "content_type": 12,
      "object_id": "15",
      "object_repr": "Зефир",
      "action_flag": 1,
      "change_message": "[{\"added\": {}}]"
    }
  },
  {
    "model": "admin.logentry",
    "pk": 24,
    "fields": {
      "action_time": "2023-12-12T12:31:25.734Z",
      "user": 1,
      "content_type": 12,
      "object_id": "16",
      "object_repr": "Печенье Любятово",
      "action_flag": 1,
      "change_message": "[{\"added\": {}}]"
    }
  },
  {
    "model": "admin.logentry",
    "pk": 25,
    "fields": {
      "action_time": "2023-12-12T12:31:40.390Z",
      "user": 1,
      "content_type": 12,
      "object_id": "17",
      "object_repr": "Печенье Курабье",
      "action_flag": 1,
      "change_message": "[{\"added\": {}}]"
    }
  },
  {
    "model": "admin.logentry",
    "pk": 26,
    "fields": {
      "action_time": "2023-12-12T12:31:55.338Z",
      "user": 1,
      "content_type": 12,
      "object_id": "18",
      "object_repr": "Кофе",
      "action_flag": 1,
      "change_message": "[{\"added\": {}}]"
    }
  },
  {
    "model": "admin.logentry",
    "pk": 27,
    "fields": {
      "action_time": "2023-12-12T12:32:08.843Z",
      "user": 1,
      "content_type": 12,
      "object_id": "19",
      "object_repr": "Горячий шоколад",
      "action_flag": 1,
      "change_message": "[{\"added\": {}}]"
    }
  },
  {
    "model": "admin.logentry",
    "pk": 28,
    "fields": {
      "action_time": "2023-12-12T12:32:34.813Z",
      "user": 1,
      "content_type": 10,
      "object_id": "1",
      "object_repr": "Молоко, сыр, яйца",
      "action_flag": 2,
      "change_message": "[{\"changed\": {\"fields\": [\"Name\"]}}]"
    }
  },
  {
    "model": "admin.logentry",
    "pk": 29,
    "fields": {
      "action_time": "2023-12-12T12:32:51.437Z",
      "user": 1,
      "content_type": 12,
      "object_id": "20",
      "object_repr": "Сыр нарезной",
      "action_flag": 1,
      "change_message": "[{\"added\": {}}]"
    }
  },
  {
    "model": "admin.logentry",
    "pk": 30,
    "fields": {
      "action_time": "2023-12-12T12:32:59.788Z",
      "user": 1,
      "content_type": 12,
      "object_id": "21",
      "object_repr": "Творог",
      "action_flag": 1,
      "change_message": "[{\"added\": {}}]"
    }
  },
  {
    "model": "admin.logentry",
    "pk": 31,
    "fields": {
      "action_time": "2023-12-12T12:33:11.223Z",
      "user": 1,
      "content_type": 12,
      "object_id": "22",
      "object_repr": "Яйца С0",
      "action_flag": 1,
      "change_message": "[{\"added\": {}}]"
    }
  },
  {
    "model": "admin.logentry",
    "pk": 32,
    "fields": {
      "action_time": "2023-12-12T12:33:19.624Z",
      "user": 1,
      "content_type": 12,
      "object_id": "23",
      "object_repr": "Кефир",
      "action_flag": 1,
      "change_message": "[{\"added\": {}}]"
    }
  },
  {
    "model": "admin.logentry",
    "pk": 33,
    "fields": {
      "action_time": "2023-12-12T12:33:41.353Z",
      "user": 1,
      "content_type": 12,
      "object_id": "24",
      "object_repr": "Сок Добрый",
      "action_flag": 1,
      "change_message": "[{\"added\": {}}]"
    }
  },
  {
    "model": "admin.logentry",
    "pk": 34,
    "fields": {
      "action_time": "2023-12-12T12:33:54.629Z",
      "user": 1,
      "content_type": 12,
      "object_id": "25",
      "object_repr": "Вода",
      "action_flag": 1,
      "change_message": "[{\"added\": {}}]"
    }
  },
  {
    "model": "admin.logentry",
    "pk": 35,
    "fields": {
      "action_time": "2023-12-12T12:34:10.417Z",
      "user": 1,
      "content_type": 12,
      "object_id": "26",
      "object_repr": "Холодный чай",
      "action_flag": 1,
      "change_message": "[{\"added\": {}}]"
    }
  },
  {
    "model": "admin.logentry",
    "pk": 36,
    "fields": {
      "action_time": "2023-12-12T12:34:39.558Z",
      "user": 1,
      "content_type": 12,
      "object_id": "27",
      "object_repr": "Квас",
      "action_flag": 1,
      "change_message": "[{\"added\": {}}]"
    }
  },
  {
    "model": "admin.logentry",
    "pk": 37,
    "fields": {
      "action_time": "2023-12-12T12:34:53.601Z",
      "user": 1,
      "content_type": 12,
      "object_id": "28",
      "object_repr": "Кола Добрый",
      "action_flag": 1,
      "change_message": "[{\"added\": {}}]"
    }
  },
  {
    "model": "admin.logentry",
    "pk": 38,
    "fields": {
      "action_time": "2023-12-12T12:35:06.672Z",
      "user": 1,
      "content_type": 12,
      "object_id": "29",
      "object_repr": "Колбаса нарезная сервелат",
      "action_flag": 1,
      "change_message": "[{\"added\": {}}]"
    }
  },
  {
    "model": "admin.logentry",
    "pk": 39,
    "fields": {
      "action_time": "2023-12-12T12:35:15.046Z",
      "user": 1,
      "content_type": 12,
      "object_id": "30",
      "object_repr": "Бедра куриные",
      "action_flag": 1,
      "change_message": "[{\"added\": {}}]"
    }
  },
  {
    "model": "admin.logentry",
    "pk": 40,
    "fields": {
      "action_time": "2023-12-12T12:35:26.171Z",
      "user": 1,
      "content_type": 12,
      "object_id": "31",
      "object_repr": "Печень куриная",
      "action_flag": 1,
      "change_message": "[{\"added\": {}}]"
    }
  },
  {
    "model": "admin.logentry",
    "pk": 41,
    "fields": {
      "action_time": "2023-12-12T12:35:35.514Z",
      "user": 1,
      "content_type": 12,
      "object_id": "32",
      "object_repr": "Филе куриное",
      "action_flag": 1,
      "change_message": "[{\"added\": {}}]"
    }
  },
  {
    "model": "admin.logentry",
    "pk": 42,
    "fields": {
      "action_time": "2023-12-12T14:54:05.151Z",
      "user": 1,
      "content_type": 12,
      "object_id": "33",
      "object_repr": "Сок Ju100",
      "action_flag": 1,
      "change_message": "[{\"added\": {}}]"
    }
  },
  {
    "model": "admin.logentry",
    "pk": 43,
    "fields": {
      "action_time": "2023-12-13T17:13:45.831Z",
      "user": 1,
      "content_type": 11,
      "object_id": "1",
      "object_repr": "god: Лента Бананы",
      "action_flag": 1,
      "change_message": "[{\"added\": {}}]"
    }
  },
  {
    "model": "admin.logentry",
    "pk": 44,
    "fields": {
      "action_time": "2023-12-14T08:27:20.049Z",
      "user": 1,
      "content_type": 12,
      "object_id": "35",
      "object_repr": "Аладушки панкейки",
      "action_flag": 2,
      "change_message": "[{\"changed\": {\"fields\": [\"Icon\"]}}]"
    }
  },
  {
    "model": "admin.logentry",
    "pk": 45,
    "fields": {
      "action_time": "2023-12-14T08:32:12.399Z",
      "user": 1,
      "content_type": 12,
      "object_id": "9",
      "object_repr": "Бананы",
      "action_flag": 2,
      "change_message": "[{\"changed\": {\"fields\": [\"Icon\"]}}]"
    }
  },
  {
    "model": "admin.logentry",
    "pk": 46,
    "fields": {
      "action_time": "2023-12-14T08:32:25.474Z",
      "user": 1,
      "content_type": 12,
      "object_id": "30",
      "object_repr": "Бедра куриные",
      "action_flag": 2,
      "change_message": "[{\"changed\": {\"fields\": [\"Icon\"]}}]"
    }
  },
  {
    "model": "admin.logentry",
    "pk": 47,
    "fields": {
      "action_time": "2023-12-14T08:32:30.974Z",
      "user": 1,
      "content_type": 12,
      "object_id": "25",
      "object_repr": "Вода",
      "action_flag": 2,
      "change_message": "[{\"changed\": {\"fields\": [\"Icon\"]}}]"
    }
  },
  {
    "model": "admin.logentry",
    "pk": 48,
    "fields": {
      "action_time": "2023-12-14T08:32:38.307Z",
      "user": 1,
      "content_type": 12,
      "object_id": "15",
      "object_repr": "Зефир",
      "action_flag": 2,
      "change_message": "[{\"changed\": {\"fields\": [\"Icon\"]}}]"
    }
  },
  {
    "model": "admin.logentry",
    "pk": 49,
    "fields": {
      "action_time": "2023-12-14T08:32:46.623Z",
      "user": 1,
      "content_type": 12,
      "object_id": "4",
      "object_repr": "Морковь",
      "action_flag": 2,
      "change_message": "[{\"changed\": {\"fields\": [\"Icon\"]}}]"
    }
  },
  {
    "model": "admin.logentry",
    "pk": 50,
    "fields": {
      "action_time": "2023-12-14T09:20:39.875Z",
      "user": 1,
      "content_type": 12,
      "object_id": "38",
      "object_repr": "переццц",
      "action_flag": 3,
      "change_message": ""
    }
  },
  {
    "model": "admin.logentry",
    "pk": 51,
    "fields": {
      "action_time": "2023-12-14T09:20:43.405Z",
      "user": 1,
      "content_type": 12,
      "object_id": "37",
      "object_repr": "а",
      "action_flag": 3,
      "change_message": ""
    }
  },
  {
    "model": "admin.logentry",
    "pk": 52,
    "fields": {
      "action_time": "2023-12-14T09:20:47.419Z",
      "user": 1,
      "content_type": 12,
      "object_id": "36",
      "object_repr": "п",
      "action_flag": 3,
      "change_message": ""
    }
  },
  {
    "model": "admin.logentry",
    "pk": 53,
    "fields": {
      "action_time": "2023-12-14T09:53:40.614Z",
      "user": 1,
      "content_type": 7,
      "object_id": "6",
      "object_repr": "Краснодар",
      "action_flag": 1,
      "change_message": "[{\"added\": {}}]"
    }
  },
  {
    "model": "admin.logentry",
    "pk": 54,
    "fields": {
      "action_time": "2023-12-14T09:53:49.338Z",
      "user": 1,
      "content_type": 7,
      "object_id": "7",
      "object_repr": "Новосибирск",
      "action_flag": 1,
      "change_message": "[{\"added\": {}}]"
    }
  },
  {
    "model": "admin.logentry",
    "pk": 55,
    "fields": {
      "action_time": "2023-12-16T10:12:47.243Z",
      "user": 1,
      "content_type": 8,
      "object_id": "10",
      "object_repr": "norimyxxxo - Пятерочка",
      "action_flag": 1,
      "change_message": "[{\"added\": {}}]"
    }
  },
  {
    "model": "admin.logentry",
    "pk": 56,
    "fields": {
      "action_time": "2023-12-16T10:12:59.903Z",
      "user": 1,
      "content_type": 8,
      "object_id": "10",
      "object_repr": "norimyxxxo - Пятерочка",
      "action_flag": 3,
      "change_message": ""
    }
  },
  {
    "model": "admin.logentry",
    "pk": 57,
    "fields": {
      "action_time": "2023-12-16T15:24:42.671Z",
      "user": 1,
      "content_type": 13,
      "object_id": "35",
      "object_repr": "Оладушки панкейки",
      "action_flag": 2,
      "change_message": "[{\"changed\": {\"fields\": [\"Name\"]}}]"
    }
  },
  {
    "model": "admin.logentry",
    "pk": 58,
    "fields": {
      "action_time": "2023-12-16T22:29:13.760Z",
      "user": 1,
      "content_type": 12,
      "object_id": "9",
      "object_repr": "god: Лжеандрейка Бананы",
      "action_flag": 3,
      "change_message": ""
    }
  },
  {
    "model": "admin.logentry",
    "pk": 59,
    "fields": {
      "action_time": "2023-12-16T22:29:17.006Z",
      "user": 1,
      "content_type": 12,
      "object_id": "8",
      "object_repr": "god: Лента Бананы",
      "action_flag": 3,
      "change_message": ""
    }
  },
  {
    "model": "admin.logentry",
    "pk": 60,
    "fields": {
      "action_time": "2023-12-17T14:24:36.078Z",
      "user": 1,
      "content_type": 8,
      "object_id": "34",
      "object_repr": "villerbond - Лжеандрейка",
      "action_flag": 2,
      "change_message": "[{\"changed\": {\"fields\": [\"Difficulty\"]}}]"
    }
  },
  {
    "model": "admin.logentry",
    "pk": 61,
    "fields": {
      "action_time": "2023-12-17T14:24:42.041Z",
      "user": 1,
      "content_type": 8,
      "object_id": "32",
      "object_repr": "villerbond - Лента",
      "action_flag": 2,
      "change_message": "[]"
    }
  },
  {
    "model": "admin.logentry",
    "pk": 62,
    "fields": {
      "action_time": "2023-12-17T14:24:45.619Z",
      "user": 1,
      "content_type": 8,
      "object_id": "31",
      "object_repr": "villerbond - Пятерочка",
      "action_flag": 2,
      "change_message": "[{\"changed\": {\"fields\": [\"Difficulty\"]}}]"
    }
  },
  {
    "model": "admin.logentry",
    "pk": 63,
    "fields": {
      "action_time": "2023-12-17T14:28:28.663Z",
      "user": 1,
      "content_type": 8,
      "object_id": "34",
      "object_repr": "villerbond - Лжеандрейка",
      "action_flag": 2,
      "change_message": "[{\"changed\": {\"fields\": [\"Difficulty\"]}}]"
    }
  },
  {
    "model": "admin.logentry",
    "pk": 64,
    "fields": {
      "action_time": "2023-12-19T08:05:43.985Z",
      "user": 1,
      "content_type": 14,
      "object_id": "10",
      "object_repr": "Лжеандрейка",
      "action_flag": 3,
      "change_message": ""
    }
  },
  {
    "model": "admin.logentry",
    "pk": 65,
    "fields": {
      "action_time": "2023-12-19T08:05:48.142Z",
      "user": 1,
      "content_type": 14,
      "object_id": "9",
      "object_repr": "Лжеандрейка",
      "action_flag": 3,
      "change_message": ""
    }
  },
  {
    "model": "admin.logentry",
    "pk": 66,
    "fields": {
      "action_time": "2023-12-19T08:05:50.919Z",
      "user": 1,
      "content_type": 14,
      "object_id": "8",
      "object_repr": "Лжеандрейка",
      "action_flag": 3,
      "change_message": ""
    }
  },
  {
    "model": "admin.logentry",
    "pk": 67,
    "fields": {
      "action_time": "2023-12-19T08:05:54.141Z",
      "user": 1,
      "content_type": 14,
      "object_id": "7",
      "object_repr": "Лжеандрейка",
      "action_flag": 3,
      "change_message": ""
    }
  },
  {
    "model": "admin.logentry",
    "pk": 68,
    "fields": {
      "action_time": "2023-12-19T08:09:17.277Z",
      "user": 1,
      "content_type": 14,
      "object_id": "5",
      "object_repr": "Лжеандрейка",
      "action_flag": 3,
      "change_message": ""
    }
  },
  {
    "model": "auth.permission",
    "pk": 1,
    "fields": {
      "name": "Can add log entry",
      "content_type": 1,
      "codename": "add_logentry"
    }
  },
  {
    "model": "auth.permission",
    "pk": 2,
    "fields": {
      "name": "Can change log entry",
      "content_type": 1,
      "codename": "change_logentry"
    }
  },
  {
    "model": "auth.permission",
    "pk": 3,
    "fields": {
      "name": "Can delete log entry",
      "content_type": 1,
      "codename": "delete_logentry"
    }
  },
  {
    "model": "auth.permission",
    "pk": 4,
    "fields": {
      "name": "Can view log entry",
      "content_type": 1,
      "codename": "view_logentry"
    }
  },
  {
    "model": "auth.permission",
    "pk": 5,
    "fields": {
      "name": "Can add permission",
      "content_type": 2,
      "codename": "add_permission"
    }
  },
  {
    "model": "auth.permission",
    "pk": 6,
    "fields": {
      "name": "Can change permission",
      "content_type": 2,
      "codename": "change_permission"
    }
  },
  {
    "model": "auth.permission",
    "pk": 7,
    "fields": {
      "name": "Can delete permission",
      "content_type": 2,
      "codename": "delete_permission"
    }
  },
  {
    "model": "auth.permission",
    "pk": 8,
    "fields": {
      "name": "Can view permission",
      "content_type": 2,
      "codename": "view_permission"
    }
  },
  {
    "model": "auth.permission",
    "pk": 9,
    "fields": {
      "name": "Can add group",
      "content_type": 3,
      "codename": "add_group"
    }
  },
  {
    "model": "auth.permission",
    "pk": 10,
    "fields": {
      "name": "Can change group",
      "content_type": 3,
      "codename": "change_group"
    }
  },
  {
    "model": "auth.permission",
    "pk": 11,
    "fields": {
      "name": "Can delete group",
      "content_type": 3,
      "codename": "delete_group"
    }
  },
  {
    "model": "auth.permission",
    "pk": 12,
    "fields": {
      "name": "Can view group",
      "content_type": 3,
      "codename": "view_group"
    }
  },
  {
    "model": "auth.permission",
    "pk": 13,
    "fields": {
      "name": "Can add content type",
      "content_type": 4,
      "codename": "add_contenttype"
    }
  },
  {
    "model": "auth.permission",
    "pk": 14,
    "fields": {
      "name": "Can change content type",
      "content_type": 4,
      "codename": "change_contenttype"
    }
  },
  {
    "model": "auth.permission",
    "pk": 15,
    "fields": {
      "name": "Can delete content type",
      "content_type": 4,
      "codename": "delete_contenttype"
    }
  },
  {
    "model": "auth.permission",
    "pk": 16,
    "fields": {
      "name": "Can view content type",
      "content_type": 4,
      "codename": "view_contenttype"
    }
  },
  {
    "model": "auth.permission",
    "pk": 17,
    "fields": {
      "name": "Can add session",
      "content_type": 5,
      "codename": "add_session"
    }
  },
  {
    "model": "auth.permission",
    "pk": 18,
    "fields": {
      "name": "Can change session",
      "content_type": 5,
      "codename": "change_session"
    }
  },
  {
    "model": "auth.permission",
    "pk": 19,
    "fields": {
      "name": "Can delete session",
      "content_type": 5,
      "codename": "delete_session"
    }
  },
  {
    "model": "auth.permission",
    "pk": 20,
    "fields": {
      "name": "Can view session",
      "content_type": 5,
      "codename": "view_session"
    }
  },
  {
    "model": "auth.permission",
    "pk": 21,
    "fields": {
      "name": "Can add user",
      "content_type": 6,
      "codename": "add_user"
    }
  },
  {
    "model": "auth.permission",
    "pk": 22,
    "fields": {
      "name": "Can change user",
      "content_type": 6,
      "codename": "change_user"
    }
  },
  {
    "model": "auth.permission",
    "pk": 23,
    "fields": {
      "name": "Can delete user",
      "content_type": 6,
      "codename": "delete_user"
    }
  },
  {
    "model": "auth.permission",
    "pk": 24,
    "fields": {
      "name": "Can view user",
      "content_type": 6,
      "codename": "view_user"
    }
  },
  {
    "model": "auth.permission",
    "pk": 25,
    "fields": {
      "name": "Can add city",
      "content_type": 7,
      "codename": "add_city"
    }
  },
  {
    "model": "auth.permission",
    "pk": 26,
    "fields": {
      "name": "Can change city",
      "content_type": 7,
      "codename": "change_city"
    }
  },
  {
    "model": "auth.permission",
    "pk": 27,
    "fields": {
      "name": "Can delete city",
      "content_type": 7,
      "codename": "delete_city"
    }
  },
  {
    "model": "auth.permission",
    "pk": 28,
    "fields": {
      "name": "Can view city",
      "content_type": 7,
      "codename": "view_city"
    }
  },
  {
    "model": "auth.permission",
    "pk": 29,
    "fields": {
      "name": "Can add user_ shop",
      "content_type": 8,
      "codename": "add_user_shop"
    }
  },
  {
    "model": "auth.permission",
    "pk": 30,
    "fields": {
      "name": "Can change user_ shop",
      "content_type": 8,
      "codename": "change_user_shop"
    }
  },
  {
    "model": "auth.permission",
    "pk": 31,
    "fields": {
      "name": "Can delete user_ shop",
      "content_type": 8,
      "codename": "delete_user_shop"
    }
  },
  {
    "model": "auth.permission",
    "pk": 32,
    "fields": {
      "name": "Can view user_ shop",
      "content_type": 8,
      "codename": "view_user_shop"
    }
  },
  {
    "model": "auth.permission",
    "pk": 33,
    "fields": {
      "name": "Can add user_ product",
      "content_type": 9,
      "codename": "add_user_product"
    }
  },
  {
    "model": "auth.permission",
    "pk": 34,
    "fields": {
      "name": "Can change user_ product",
      "content_type": 9,
      "codename": "change_user_product"
    }
  },
  {
    "model": "auth.permission",
    "pk": 35,
    "fields": {
      "name": "Can delete user_ product",
      "content_type": 9,
      "codename": "delete_user_product"
    }
  },
  {
    "model": "auth.permission",
    "pk": 36,
    "fields": {
      "name": "Can view user_ product",
      "content_type": 9,
      "codename": "view_user_product"
    }
  },
  {
    "model": "auth.permission",
    "pk": 37,
    "fields": {
      "name": "Can add category",
      "content_type": 10,
      "codename": "add_category"
    }
  },
  {
    "model": "auth.permission",
    "pk": 38,
    "fields": {
      "name": "Can change category",
      "content_type": 10,
      "codename": "change_category"
    }
  },
  {
    "model": "auth.permission",
    "pk": 39,
    "fields": {
      "name": "Can delete category",
      "content_type": 10,
      "codename": "delete_category"
    }
  },
  {
    "model": "auth.permission",
    "pk": 40,
    "fields": {
      "name": "Can view category",
      "content_type": 10,
      "codename": "view_category"
    }
  },
  {
    "model": "auth.permission",
    "pk": 41,
    "fields": {
      "name": "Can add price",
      "content_type": 11,
      "codename": "add_price"
    }
  },
  {
    "model": "auth.permission",
    "pk": 42,
    "fields": {
      "name": "Can change price",
      "content_type": 11,
      "codename": "change_price"
    }
  },
  {
    "model": "auth.permission",
    "pk": 43,
    "fields": {
      "name": "Can delete price",
      "content_type": 11,
      "codename": "delete_price"
    }
  },
  {
    "model": "auth.permission",
    "pk": 44,
    "fields": {
      "name": "Can view price",
      "content_type": 11,
      "codename": "view_price"
    }
  },
  {
    "model": "auth.permission",
    "pk": 45,
    "fields": {
      "name": "Can add product",
      "content_type": 12,
      "codename": "add_product"
    }
  },
  {
    "model": "auth.permission",
    "pk": 46,
    "fields": {
      "name": "Can change product",
      "content_type": 12,
      "codename": "change_product"
    }
  },
  {
    "model": "auth.permission",
    "pk": 47,
    "fields": {
      "name": "Can delete product",
      "content_type": 12,
      "codename": "delete_product"
    }
  },
  {
    "model": "auth.permission",
    "pk": 48,
    "fields": {
      "name": "Can view product",
      "content_type": 12,
      "codename": "view_product"
    }
  },
  {
    "model": "auth.permission",
    "pk": 49,
    "fields": {
      "name": "Can add shop",
      "content_type": 13,
      "codename": "add_shop"
    }
  },
  {
    "model": "auth.permission",
    "pk": 50,
    "fields": {
      "name": "Can change shop",
      "content_type": 13,
      "codename": "change_shop"
    }
  },
  {
    "model": "auth.permission",
    "pk": 51,
    "fields": {
      "name": "Can delete shop",
      "content_type": 13,
      "codename": "delete_shop"
    }
  },
  {
    "model": "auth.permission",
    "pk": 52,
    "fields": {
      "name": "Can view shop",
      "content_type": 13,
      "codename": "view_shop"
    }
  },
  {
    "model": "auth.permission",
    "pk": 53,
    "fields": {
      "name": "Can add shop",
      "content_type": 14,
      "codename": "add_shop"
    }
  },
  {
    "model": "auth.permission",
    "pk": 54,
    "fields": {
      "name": "Can change shop",
      "content_type": 14,
      "codename": "change_shop"
    }
  },
  {
    "model": "auth.permission",
    "pk": 55,
    "fields": {
      "name": "Can delete shop",
      "content_type": 14,
      "codename": "delete_shop"
    }
  },
  {
    "model": "auth.permission",
    "pk": 56,
    "fields": {
      "name": "Can view shop",
      "content_type": 14,
      "codename": "view_shop"
    }
  },
  {
    "model": "contenttypes.contenttype",
    "pk": 1,
    "fields": {
      "app_label": "admin",
      "model": "logentry"
    }
  },
  {
    "model": "contenttypes.contenttype",
    "pk": 2,
    "fields": {
      "app_label": "auth",
      "model": "permission"
    }
  },
  {
    "model": "contenttypes.contenttype",
    "pk": 3,
    "fields": {
      "app_label": "auth",
      "model": "group"
    }
  },
  {
    "model": "contenttypes.contenttype",
    "pk": 4,
    "fields": {
      "app_label": "contenttypes",
      "model": "contenttype"
    }
  },
  {
    "model": "contenttypes.contenttype",
    "pk": 5,
    "fields": {
      "app_label": "sessions",
      "model": "session"
    }
  },
  {
    "model": "contenttypes.contenttype",
    "pk": 6,
    "fields": {
      "app_label": "users",
      "model": "user"
    }
  },
  {
    "model": "contenttypes.contenttype",
    "pk": 7,
    "fields": {
      "app_label": "users",
      "model": "city"
    }
  },
  {
    "model": "contenttypes.contenttype",
    "pk": 8,
    "fields": {
      "app_label": "users",
      "model": "user_shop"
    }
  },
  {
    "model": "contenttypes.contenttype",
    "pk": 9,
    "fields": {
      "app_label": "users",
      "model": "user_product"
    }
  },
  {
    "model": "contenttypes.contenttype",
    "pk": 10,
    "fields": {
      "app_label": "price",
      "model": "basket"
    }
  },
  {
    "model": "contenttypes.contenttype",
    "pk": 11,
    "fields": {
      "app_label": "price",
      "model": "category"
    }
  },
  {
    "model": "contenttypes.contenttype",
    "pk": 12,
    "fields": {
      "app_label": "price",
      "model": "price"
    }
  },
  {
    "model": "contenttypes.contenttype",
    "pk": 13,
    "fields": {
      "app_label": "price",
      "model": "product"
    }
  },
  {
    "model": "contenttypes.contenttype",
    "pk": 14,
    "fields": {
      "app_label": "price",
      "model": "shop"
    }
  },
  {
    "model": "sessions.session",
    "pk": "pyqql1r3zkay5030r3vh62m9r3x667yj",
    "fields": {
      "session_data": ".eJxVjEEOwiAQRe_C2hAGCgwu3XsGQplBqoYmpV0Z765NutDtf-_9l4hpW2vcOi9xInEWIE6_25jyg9sO6J7abZZ5busyjXJX5EG7vM7Ez8vh_h3U1Ou3TobQBFQQrEGwNNiiibULSSvC4jM7DWwVAaPyRjmPDgZTyGWXFWrx_gC7jja8:1rGbnW:FCVk70YL7zubaiY_QhjuqkAhKAIo8AS50BlC5bdJXq0",
      "expire_date": "2024-01-05T09:26:26.130Z"
    }
  },
  {
    "model": "users.city",
    "pk": 1,
    "fields": {
      "name": "London",
      "custom": false
    }
  },
  {
    "model": "users.city",
    "pk": 2,
    "fields": {
      "name": "Москва",
      "custom": false
    }
  },
  {
    "model": "users.city",
    "pk": 3,
    "fields": {
      "name": "Санкт-Петербург",
      "custom": false
    }
  },
  {
    "model": "users.city",
    "pk": 4,
    "fields": {
      "name": "Екатеринбург",
      "custom": false
    }
  },
  {
    "model": "users.city",
    "pk": 5,
    "fields": {
      "name": "Другой город",
      "custom": false
    }
  },
  {
    "model": "users.city",
    "pk": 6,
    "fields": {
      "name": "Краснодар",
      "custom": false
    }
  },
  {
    "model": "users.city",
    "pk": 7,
    "fields": {
      "name": "Новосибирск",
      "custom": false
    }
  },
  {
    "model": "users.user",
    "pk": 1,
    "fields": {
      "password": "pbkdf2_sha256$260000$CuHRbQe01qT98K5W4LJ1iX$KXEmeWw7shNCVpLzvM9GRhjMnIthE2920yxslKc9s/U=",
      "last_login": "2023-12-22T09:26:26.130Z",
      "is_superuser": true,
      "username": "god",
      "first_name": "Админ",
      "last_name": "Админов",
      "email": "god@paradise.au",
      "is_staff": true,
      "is_active": true,
      "date_joined": "2023-12-08T19:09:02Z",
      "avatar": "users_avatars/Фродо.png",
      "city": 2,
      "private": false,
      "groups": [],
      "user_permissions": []
    }
  },
  {
    "model": "users.user",
    "pk": 2,
    "fields": {
      "password": "pbkdf2_sha256$260000$3jTToUSawWEjCDkcq64nUV$VjAvLrnh22V7G/LjwzU74DvSBKni1SAlzDrkRH3wboY=",
      "last_login": "2023-12-22T07:41:16.260Z",
      "is_superuser": false,
      "username": "villerbond",
      "first_name": "Yaroslav",
      "last_name": "Bondarev",
      "email": "v1llerbond@yandex.ru",
      "is_staff": false,
      "is_active": true,
      "date_joined": "2023-12-08T19:10:45.327Z",
      "avatar": "users_avatars/photo_2023-01-29_17-44-45_2.jpg",
      "city": 3,
      "private": false,
      "groups": [],
      "user_permissions": []
    }
  },
  {
    "model": "users.user",
    "pk": 3,
    "fields": {
      "password": "pbkdf2_sha256$260000$1loLr4Kltg1g79qwMUFvK8$YQjOawVrNXg1XJIfENmUXFfn1/MySKUNFZH1K8mwWsI=",
      "last_login": "2023-12-08T21:31:36.387Z",
      "is_superuser": false,
      "username": "norimyxxxo",
      "first_name": "Мирон",
      "last_name": "Фёдоров",
      "email": "oxxxy@yandex.ru",
      "is_staff": false,
      "is_active": true,
      "date_joined": "2023-12-08T19:11:57Z",
      "avatar": "users_avatars/Мирон.png",
      "city": 1,
      "private": false,
      "groups": [],
      "user_permissions": []
    }
  },
  {
    "model": "users.user",
    "pk": 4,
    "fields": {
      "password": "pbkdf2_sha256$260000$VIQqIKpzYnSWLHe1cPWdlK$V89IZCEPrFr1HAJ3PQy1MvITmIuOCcAOUH6W/uSmj1w=",
      "last_login": "2023-12-14T09:59:13.906Z",
      "is_superuser": false,
      "username": "vitalit",
      "first_name": "Виталий",
      "last_name": "Витальев",
      "email": "vitalot@vitoogle.com",
      "is_staff": false,
      "is_active": true,
      "date_joined": "2023-12-12T18:16:00.568Z",
      "avatar": "",
      "city": 4,
      "private": false,
      "groups": [],
      "user_permissions": []
    }
  },
  {
    "model": "users.user",
    "pk": 5,
    "fields": {
      "password": "pbkdf2_sha256$260000$feuythH67jOFP3pxCol5pe$JoPXt30LcJx4wD1ZUWug8fxvz+4AXwHnaFAgwiYAIeQ=",
      "last_login": "2023-12-22T07:34:01.993Z",
      "is_superuser": false,
      "username": "karkusha",
      "first_name": "Ринат",
      "last_name": "Губайдуллин",
      "email": "karkusha@yandex.ru",
      "is_staff": false,
      "is_active": true,
      "date_joined": "2023-12-14T09:55:56.745Z",
      "avatar": "users_avatars/wF-AR5suGbI.jpg",
      "city": 3,
      "private": false,
      "groups": [],
      "user_permissions": []
    }
  },
  {
    "model": "users.user",
    "pk": 6,
    "fields": {
      "password": "pbkdf2_sha256$260000$azpvbLbtASRSoU03T5vzfR$sFSecSn3z0JqzcTKRmVuoCIwGKplb0US1YOr+rrhh6k=",
      "last_login": "2023-12-19T08:07:50.089Z",
      "is_superuser": false,
      "username": "vortexxx",
      "first_name": "Николай",
      "last_name": "Гук",
      "email": "vortexxx@gmail.com",
      "is_staff": false,
      "is_active": true,
      "date_joined": "2023-12-14T09:57:35.360Z",
      "avatar": "users_avatars/YbPsNV5hOx4.jpg",
      "city": 6,
      "private": false,
      "groups": [],
      "user_permissions": []
    }
  },
  {
    "model": "users.user",
    "pk": 7,
    "fields": {
      "password": "pbkdf2_sha256$260000$lPDhC02QBcTDHQVC4JYT22$Hfk6bWLqVFLur3BLsq7RQ77rX6sGB0M9TinimvI18s4=",
      "last_login": "2023-12-22T07:40:37.792Z",
      "is_superuser": false,
      "username": "hanbinger",
      "first_name": "Леонид",
      "last_name": "Фомин",
      "email": "hbg@yandex.ru",
      "is_staff": false,
      "is_active": true,
      "date_joined": "2023-12-14T09:58:32.350Z",
      "avatar": "users_avatars/WK1FRZsHoV8.jpg",
      "city": 6,
      "private": false,
      "groups": [],
      "user_permissions": []
    }
  },
  {
    "model": "users.user_product",
    "pk": 64,
    "fields": {
      "user": 6,
      "product": 2
    }
  },
  {
    "model": "users.user_product",
    "pk": 65,
    "fields": {
      "user": 6,
      "product": 1
    }
  },
  {
    "model": "users.user_product",
    "pk": 66,
    "fields": {
      "user": 6,
      "product": 25
    }
  },
  {
    "model": "users.user_product",
    "pk": 67,
    "fields": {
      "user": 6,
      "product": 4
    }
  },
  {
    "model": "users.user_product",
    "pk": 68,
    "fields": {
      "user": 6,
      "product": 9
    }
  },
  {
    "model": "users.user_product",
    "pk": 69,
    "fields": {
      "user": 6,
      "product": 35
    }
  },
  {
    "model": "users.user_product",
    "pk": 70,
    "fields": {
      "user": 6,
      "product": 30
    }
  },
  {
    "model": "users.user_product",
    "pk": 71,
    "fields": {
      "user": 6,
      "product": 21
    }
  },
  {
    "model": "users.user_product",
    "pk": 73,
    "fields": {
      "user": 2,
      "product": 2
    }
  },
  {
    "model": "users.user_product",
    "pk": 74,
    "fields": {
      "user": 2,
      "product": 1
    }
  },
  {
    "model": "users.user_product",
    "pk": 76,
    "fields": {
      "user": 2,
      "product": 4
    }
  },
  {
    "model": "users.user_product",
    "pk": 79,
    "fields": {
      "user": 2,
      "product": 30
    }
  },
  {
    "model": "users.user_product",
    "pk": 139,
    "fields": {
      "user": 5,
      "product": 41
    }
  },
  {
    "model": "users.user_product",
    "pk": 140,
    "fields": {
      "user": 5,
      "product": 2
    }
  },
  {
    "model": "users.user_product",
    "pk": 141,
    "fields": {
      "user": 5,
      "product": 1
    }
  },
  {
    "model": "users.user_product",
    "pk": 142,
    "fields": {
      "user": 5,
      "product": 4
    }
  },
  {
    "model": "users.user_product",
    "pk": 143,
    "fields": {
      "user": 5,
      "product": 30
    }
  },
  {
    "model": "users.user_product",
    "pk": 159,
    "fields": {
      "user": 7,
      "product": 42
    }
  },
  {
    "model": "users.user_product",
    "pk": 160,
    "fields": {
      "user": 7,
      "product": 2
    }
  },
  {
    "model": "users.user_product",
    "pk": 161,
    "fields": {
      "user": 7,
      "product": 1
    }
  },
  {
    "model": "users.user_product",
    "pk": 162,
    "fields": {
      "user": 7,
      "product": 4
    }
  },
  {
    "model": "users.user_product",
    "pk": 163,
    "fields": {
      "user": 7,
      "product": 30
    }
  },
  {
    "model": "users.user_product",
    "pk": 165,
    "fields": {
      "user": 5,
      "product": 9
    }
  },
  {
    "model": "users.user_product",
    "pk": 166,
    "fields": {
      "user": 1,
      "product": 2
    }
  },
  {
    "model": "users.user_product",
    "pk": 167,
    "fields": {
      "user": 1,
      "product": 1
    }
  },
  {
    "model": "users.user_product",
    "pk": 168,
    "fields": {
      "user": 1,
      "product": 4
    }
  },
  {
    "model": "users.user_product",
    "pk": 169,
    "fields": {
      "user": 1,
      "product": 30
    }
  },
  {
    "model": "users.user_shop",
    "pk": 41,
    "fields": {
      "user": 6,
      "shop": 1,
      "adress": null,
      "difficulty": 2
    }
  },
  {
    "model": "users.user_shop",
    "pk": 42,
    "fields": {
      "user": 6,
      "shop": 2,
      "adress": null,
      "difficulty": 2
    }
  },
  {
    "model": "users.user_shop",
    "pk": 86,
    "fields": {
      "user": 2,
      "shop": 6,
      "adress": "Пунк",
      "difficulty": 1
    }
  },
  {
    "model": "users.user_shop",
    "pk": 89,
    "fields": {
      "user": 2,
      "shop": 2,
      "adress": "Гостилицкое шоссе",
      "difficulty": 2
    }
  },
  {
    "model": "users.user_shop",
    "pk": 91,
    "fields": {
      "user": 5,
      "shop": 17,
      "adress": "Пунк",
      "difficulty": 1
    }
  },
  {
    "model": "users.user_shop",
    "pk": 93,
    "fields": {
      "user": 5,
      "shop": 2,
      "adress": "Гостилицкое шоссе",
      "difficulty": 2
    }
  },
  {
    "model": "users.user_shop",
    "pk": 94,
    "fields": {
      "user": 5,
      "shop": 1,
      "adress": "Старый Петергоф",
      "difficulty": 3
    }
  },
  {
    "model": "users.user_shop",
    "pk": 104,
    "fields": {
      "user": 7,
      "shop": 19,
      "adress": "Пунк",
      "difficulty": 1
    }
  },
  {
    "model": "users.user_shop",
    "pk": 105,
    "fields": {
      "user": 7,
      "shop": 2,
      "adress": "Гостилицкое шоссе",
      "difficulty": 2
    }
  },
  {
    "model": "users.user_shop",
    "pk": 106,
    "fields": {
      "user": 7,
      "shop": 1,
      "adress": "Старый Петергоф",
      "difficulty": 3
    }
  },
  {
    "model": "users.user_shop",
    "pk": 109,
    "fields": {
      "user": 2,
      "shop": 1,
      "adress": "Старый Петергоф",
      "difficulty": 3
    }
  },
  {
    "model": "users.user_shop",
    "pk": 110,
    "fields": {
      "user": 5,
      "shop": 4,
      "adress": "Старый Петергоф",
      "difficulty": 3
    }
  },
  {
    "model": "users.user_shop",
    "pk": 111,
    "fields": {
      "user": 2,
      "shop": 1,
      "adress": "Новый Петергоф",
      "difficulty": 5
    }
  },
  {
    "model": "users.user_shop",
    "pk": 112,
    "fields": {
      "user": 1,
      "shop": 1,
      "adress": "Старый Петергоф",
      "difficulty": 3
    }
  },
  {
    "model": "users.user_shop",
    "pk": 113,
    "fields": {
      "user": 1,
      "shop": 1,
      "adress": "Новый Петергоф",
      "difficulty": 5
    }
  },
  {
    "model": "users.user_shop",
    "pk": 114,
    "fields": {
      "user": 1,
      "shop": 20,
      "adress": "Пунк",
      "difficulty": 1
    }
  },
  {
    "model": "users.user_shop",
    "pk": 115,
    "fields": {
      "user": 1,
      "shop": 2,
      "adress": "Гостилицкое шоссе",
      "difficulty": 2
    }
  },
  {
    "model": "price.category",
    "pk": 1,
    "fields": {
      "name": "Молоко, сыр, яйца"
    }
  },
  {
    "model": "price.category",
    "pk": 2,
    "fields": {
      "name": "Мясо, птица, колбаса"
    }
  },
  {
    "model": "price.category",
    "pk": 3,
    "fields": {
      "name": "Чай, кофе, какао"
    }
  },
  {
    "model": "price.category",
    "pk": 4,
    "fields": {
      "name": "Фрукты"
    }
  },
  {
    "model": "price.category",
    "pk": 5,
    "fields": {
      "name": "Безалкогольные напитки"
    }
  },
  {
    "model": "price.category",
    "pk": 6,
    "fields": {
      "name": "Кондитерские изделия"
    }
  },
  {
    "model": "price.category",
    "pk": 7,
    "fields": {
      "name": "Овощи"
    }
  },
  {
    "model": "price.category",
    "pk": 8,
    "fields": {
      "name": "Другое"
    }
  },
  {
    "model": "price.product",
    "pk": 1,
    "fields": {
      "name": "Чай",
      "icon": "product_icons/024d22c402b248bf79163e6122f18d95.jpg",
      "category": 3,
      "author": null
    }
  },
  {
    "model": "price.product",
    "pk": 2,
    "fields": {
      "name": "Молоко",
      "icon": "product_icons/moloko-pasterizovannoe-mz-piskaryovskij-piskaryovskoe-25-bez-zmzh-1000ml-r_Bj8kuay.jpg",
      "category": 1,
      "author": null
    }
  },
  {
    "model": "price.product",
    "pk": 3,
    "fields": {
      "name": "Курица тушка",
      "icon": "product_icons/Kip-ap-1.jpg",
      "category": 2,
      "author": null
    }
  },
  {
    "model": "price.product",
    "pk": 4,
    "fields": {
      "name": "Морковь",
      "icon": "product_icons/morkov-768x512.jpg",
      "category": 7,
      "author": null
    }
  },
  {
    "model": "price.product",
    "pk": 5,
    "fields": {
      "name": "Картофель",
      "icon": "",
      "category": 7,
      "author": null
    }
  },
  {
    "model": "price.product",
    "pk": 6,
    "fields": {
      "name": "Огурцы",
      "icon": "",
      "category": 7,
      "author": null
    }
  },
  {
    "model": "price.product",
    "pk": 7,
    "fields": {
      "name": "Томаты",
      "icon": "",
      "category": 7,
      "author": null
    }
  },
  {
    "model": "price.product",
    "pk": 8,
    "fields": {
      "name": "Лук",
      "icon": "",
      "category": 7,
      "author": null
    }
  },
  {
    "model": "price.product",
    "pk": 9,
    "fields": {
      "name": "Бананы",
      "icon": "product_icons/eWbWKcCx9zc.jpg",
      "category": 4,
      "author": null
    }
  },
  {
    "model": "price.product",
    "pk": 10,
    "fields": {
      "name": "Мандарины",
      "icon": "",
      "category": 4,
      "author": null
    }
  },
  {
    "model": "price.product",
    "pk": 11,
    "fields": {
      "name": "Яблоки",
      "icon": "",
      "category": 4,
      "author": null
    }
  },
  {
    "model": "price.product",
    "pk": 12,
    "fields": {
      "name": "Нектарины",
      "icon": "",
      "category": 4,
      "author": null
    }
  },
  {
    "model": "price.product",
    "pk": 13,
    "fields": {
      "name": "Ананас",
      "icon": "",
      "category": 4,
      "author": null
    }
  },
  {
    "model": "price.product",
    "pk": 14,
    "fields": {
      "name": "Шоколад молочный AlpenGold",
      "icon": "",
      "category": 6,
      "author": null
    }
  },
  {
    "model": "price.product",
    "pk": 15,
    "fields": {
      "name": "Зефир",
      "icon": "product_icons/1f726ba4fba511ed903c00155d203202_78fb3390fba511ed903c00155d203202.jpg",
      "category": 6,
      "author": null
    }
  },
  {
    "model": "price.product",
    "pk": 16,
    "fields": {
      "name": "Печенье Любятово",
      "icon": "",
      "category": 6,
      "author": null
    }
  },
  {
    "model": "price.product",
    "pk": 17,
    "fields": {
      "name": "Печенье Курабье",
      "icon": "",
      "category": 6,
      "author": null
    }
  },
  {
    "model": "price.product",
    "pk": 18,
    "fields": {
      "name": "Кофе",
      "icon": "",
      "category": 3,
      "author": null
    }
  },
  {
    "model": "price.product",
    "pk": 19,
    "fields": {
      "name": "Горячий шоколад",
      "icon": "",
      "category": 3,
      "author": null
    }
  },
  {
    "model": "price.product",
    "pk": 20,
    "fields": {
      "name": "Сыр нарезной",
      "icon": "",
      "category": 1,
      "author": null
    }
  },
  {
    "model": "price.product",
    "pk": 21,
    "fields": {
      "name": "Творог",
      "icon": "",
      "category": 1,
      "author": null
    }
  },
  {
    "model": "price.product",
    "pk": 22,
    "fields": {
      "name": "Яйца С0",
      "icon": "",
      "category": 1,
      "author": null
    }
  },
  {
    "model": "price.product",
    "pk": 23,
    "fields": {
      "name": "Кефир",
      "icon": "",
      "category": 1,
      "author": null
    }
  },
  {
    "model": "price.product",
    "pk": 24,
    "fields": {
      "name": "Сок Добрый",
      "icon": "",
      "category": 5,
      "author": null
    }
  },
  {
    "model": "price.product",
    "pk": 25,
    "fields": {
      "name": "Вода",
      "icon": "product_icons/77e48139084e43868d8bcdf05a8f5d02.jpg",
      "category": 5,
      "author": null
    }
  },
  {
    "model": "price.product",
    "pk": 26,
    "fields": {
      "name": "Холодный чай",
      "icon": "",
      "category": 5,
      "author": null
    }
  },
  {
    "model": "price.product",
    "pk": 27,
    "fields": {
      "name": "Квас",
      "icon": "",
      "category": 5,
      "author": null
    }
  },
  {
    "model": "price.product",
    "pk": 28,
    "fields": {
      "name": "Кола Добрый",
      "icon": "",
      "category": 5,
      "author": null
    }
  },
  {
    "model": "price.product",
    "pk": 29,
    "fields": {
      "name": "Колбаса нарезная сервелат",
      "icon": "",
      "category": 2,
      "author": null
    }
  },
  {
    "model": "price.product",
    "pk": 30,
    "fields": {
      "name": "Бедра куриные",
      "icon": "product_icons/bedro-kurinoe-bez-kosti-yasnye-zori.jpg",
      "category": 2,
      "author": null
    }
  },
  {
    "model": "price.product",
    "pk": 31,
    "fields": {
      "name": "Печень куриная",
      "icon": "",
      "category": 2,
      "author": null
    }
  },
  {
    "model": "price.product",
    "pk": 32,
    "fields": {
      "name": "Филе куриное",
      "icon": "",
      "category": 2,
      "author": null
    }
  },
  {
    "model": "price.product",
    "pk": 33,
    "fields": {
      "name": "Сок Ju100",
      "icon": "",
      "category": 5,
      "author": 1
    }
  },
  {
    "model": "price.product",
    "pk": 34,
    "fields": {
      "name": "Печенюш Апельсиныч",
      "icon": "",
      "category": 6,
      "author": 1
    }
  },
  {
    "model": "price.product",
    "pk": 35,
    "fields": {
      "name": "Оладушки панкейки",
      "icon": "product_icons/22436094_1.jpg",
      "category": 6,
      "author": null
    }
  },
  {
    "model": "price.product",
    "pk": 39,
    "fields": {
      "name": "Перец болгарский",
      "icon": "product_icons/channels4_profile_B6VyS12.jpg",
      "category": 7,
      "author": null
    }
  },
  {
    "model": "price.product",
    "pk": 40,
    "fields": {
      "name": "Бэйбифокс",
      "icon": "",
      "category": 6,
      "author": 2
    }
  },
  {
    "model": "price.product",
    "pk": 41,
    "fields": {
      "name": "Бэйбифокс",
      "icon": "",
      "category": 6,
      "author": 5
    }
  },
  {
    "model": "price.product",
    "pk": 42,
    "fields": {
      "name": "Бэйбифокс",
      "icon": "",
      "category": 6,
      "author": 7
    }
  },
  {
    "model": "price.shop",
    "pk": 1,
    "fields": {
      "name": "Пятерочка",
      "icon": "shop_icons/1680650440_phonoteka-org-p-emblema-pyaterochki-art-pinterest-4_WfgvAHS.png",
      "author": null
    }
  },
  {
    "model": "price.shop",
    "pk": 2,
    "fields": {
      "name": "Лента",
      "icon": "shop_icons/lenta.jpg",
      "author": null
    }
  },
  {
    "model": "price.shop",
    "pk": 3,
    "fields": {
      "name": "Перекрёсток",
      "icon": "shop_icons/efa27c7e-50d9-4a26-ab88-d78de67f5b38-6156623.jpeg",
      "author": null
    }
  },
  {
    "model": "price.shop",
    "pk": 4,
    "fields": {
      "name": "Магнит",
      "icon": "shop_icons/15_Magnit_main-logo_sign.jpg",
      "author": null
    }
  },
  {
    "model": "price.shop",
    "pk": 6,
    "fields": {
      "name": "Лжеандрейка",
      "icon": "",
      "author": 2
    }
  },
  {
    "model": "price.shop",
    "pk": 11,
    "fields": {
      "name": "Лжеандрейка",
      "icon": "",
      "author": 6
    }
  },
  {
    "model": "price.shop",
    "pk": 17,
    "fields": {
      "name": "Лжеандрейка",
      "icon": "",
      "author": 5
    }
  },
  {
    "model": "price.shop",
    "pk": 18,
    "fields": {
      "name": "Семишагофф",
      "icon": "",
      "author": 2
    }
  },
  {
    "model": "price.shop",
    "pk": 19,
    "fields": {
      "name": "Лжеандрейка",
      "icon": "",
      "author": 7
    }
  },
  {
    "model": "price.shop",
    "pk": 20,
    "fields": {
      "name": "Лжеандрейка",
      "icon": "",
      "author": 1
    }
  },
  {
    "model": "price.price",
    "pk": 6,
    "fields": {
      "shop": 89,
      "product": 79,
      "price": "200.00",
      "comment": "",
      "date_update": "2023-12-22T05:46:25.507Z"
    }
  },
  {
    "model": "price.price",
    "pk": 8,
    "fields": {
      "shop": 89,
      "product": 73,
      "price": "60.00",
      "comment": "",
      "date_update": "2023-12-22T05:46:56.007Z"
    }
  },
  {
    "model": "price.price",
    "pk": 9,
    "fields": {
      "shop": 89,
      "product": 74,
      "price": "79.00",
      "comment": "",
      "date_update": "2023-12-22T07:41:31.390Z"
    }
  },
  {
    "model": "price.price",
    "pk": 11,
    "fields": {
      "shop": 86,
      "product": 73,
      "price": "80.00",
      "comment": "",
      "date_update": "2023-12-22T05:46:06.747Z"
    }
  },
  {
    "model": "price.price",
    "pk": 17,
    "fields": {
      "shop": 91,
      "product": 140,
      "price": "79.00",
      "comment": "",
      "date_update": "2023-12-21T08:52:13.968Z"
    }
  },
  {
    "model": "price.price",
    "pk": 18,
    "fields": {
      "shop": 93,
      "product": 143,
      "price": "212.00",
      "comment": "",
      "date_update": "2023-12-21T08:51:56.862Z"
    }
  },
  {
    "model": "price.price",
    "pk": 19,
    "fields": {
      "shop": 93,
      "product": 139,
      "price": "26.00",
      "comment": "",
      "date_update": "2023-12-21T08:51:51.788Z"
    }
  },
  {
    "model": "price.price",
    "pk": 20,
    "fields": {
      "shop": 93,
      "product": 140,
      "price": "63.00",
      "comment": "",
      "date_update": "2023-12-21T11:18:44.987Z"
    }
  },
  {
    "model": "price.price",
    "pk": 21,
    "fields": {
      "shop": 93,
      "product": 141,
      "price": "70.00",
      "comment": "",
      "date_update": "2023-12-21T08:52:05.931Z"
    }
  },
  {
    "model": "price.price",
    "pk": 22,
    "fields": {
      "shop": 94,
      "product": 143,
      "price": "221.00",
      "comment": "",
      "date_update": "2023-12-21T08:52:10.302Z"
    }
  },
  {
    "model": "price.price",
    "pk": 31,
    "fields": {
      "shop": 105,
      "product": 160,
      "price": "60.00",
      "comment": "",
      "date_update": "2023-12-22T07:40:55.255Z"
    }
  },
  {
    "model": "price.price",
    "pk": 32,
    "fields": {
      "shop": 105,
      "product": 161,
      "price": "79.00",
      "comment": "",
      "date_update": "2023-12-22T07:41:06.343Z"
    }
  },
  {
    "model": "price.price",
    "pk": 36,
    "fields": {
      "shop": 109,
      "product": 79,
      "price": "220.00",
      "comment": "",
      "date_update": "2023-12-21T12:35:21.357Z"
    }
  },
  {
    "model": "price.price",
    "pk": 37,
    "fields": {
      "shop": 109,
      "product": 73,
      "price": "58.00",
      "comment": "",
      "date_update": "2023-12-22T05:46:03.343Z"
    }
  },
  {
    "model": "price.price",
    "pk": 38,
    "fields": {
      "shop": 86,
      "product": 79,
      "price": "250.00",
      "comment": "",
      "date_update": "2023-12-22T05:46:33.599Z"
    }
  },
  {
    "model": "price.price",
    "pk": 39,
    "fields": {
      "shop": 109,
      "product": 76,
      "price": "30.00",
      "comment": "",
      "date_update": "2023-12-22T05:47:53.168Z"
    }
  },
  {
    "model": "price.price",
    "pk": 40,
    "fields": {
      "shop": 86,
      "product": 76,
      "price": "20.00",
      "comment": "",
      "date_update": "2023-12-22T05:46:45.138Z"
    }
  },
  {
    "model": "price.price",
    "pk": 41,
    "fields": {
      "shop": 89,
      "product": 76,
      "price": "15.00",
      "comment": "",
      "date_update": "2023-12-22T05:48:01.924Z"
    }
  },
  {
    "model": "price.price",
    "pk": 42,
    "fields": {
      "shop": 109,
      "product": 74,
      "price": "90.00",
      "comment": "",
      "date_update": "2023-12-22T05:47:04.401Z"
    }
  },
  {
    "model": "price.price",
    "pk": 43,
    "fields": {
      "shop": 86,
      "product": 74,
      "price": "70.00",
      "comment": "",
      "date_update": "2023-12-22T05:47:09.455Z"
    }
  },
  {
    "model": "price.price",
    "pk": 44,
    "fields": {
      "shop": 91,
      "product": 165,
      "price": "100.00",
      "comment": "",
      "date_update": "2023-12-22T07:34:48.955Z"
    }
  },
  {
    "model": "price.price",
    "pk": 45,
    "fields": {
      "shop": 114,
      "product": 169,
      "price": "225.00",
      "comment": "",
      "date_update": "2023-12-22T10:46:00.922Z"
    }
  },
  {
    "model": "price.price",
    "pk": 46,
    "fields": {
      "shop": 112,
      "product": 169,
      "price": "220.00",
      "comment": "",
      "date_update": "2023-12-22T10:45:33.468Z"
    }
  },
  {
    "model": "price.price",
    "pk": 47,
    "fields": {
      "shop": 113,
      "product": 169,
      "price": "210.00",
      "comment": "",
      "date_update": "2023-12-22T10:26:33.896Z"
    }
  },
  {
    "model": "price.basket",
    "pk": 16,
    "fields": {
      "user_product": 68,
      "count": 1
    }
  },
  {
    "model": "price.basket",
    "pk": 22,
    "fields": {
      "user_product": 79,
      "count": 1
    }
  },
  {
    "model": "price.basket",
    "pk": 23,
    "fields": {
      "user_product": 73,
      "count": 2
    }
  },
  {
    "model": "price.basket",
    "pk": 24,
    "fields": {
      "user_product": 76,
      "count": 1
    }
  },
  {
    "model": "price.basket",
    "pk": 25,
    "fields": {
      "user_product": 74,
      "count": 1
    }
  },
  {
    "model": "price.basket",
    "pk": 26,
    "fields": {
      "user_product": 169,
      "count": 1
    }
  }
]